日期,开盘,收盘,最高,最低,成交量,成交额
2013-03-15,2.623,2.632,2.679,2.585,3259273,315394304.0
2013-03-18,2.585,2.582,2.638,2.579,936962,90173448.0
2013-03-19,2.588,2.601,2.601,2.542,1080500,103293942.0
2013-03-20,2.601,2.679,2.682,2.595,501195,48889379.0
2013-03-21,2.679,2.71,2.713,2.666,698244,69241889.0
2013-03-22,2.71,2.722,2.725,2.691,609433,60703968.0
2013-03-25,2.722,2.713,2.725,2.691,305027,30328652.0
2013-03-26,2.694,2.682,2.704,2.648,53698,5278054.0
2013-03-27,2.679,2.691,2.719,2.632,261330,25885673.0
2013-03-28,2.641,2.607,2.648,2.57,92337,8949443.0
2013-03-29,2.61,2.61,2.629,2.598,752013,72583858.0
2013-04-01,2.613,2.626,2.648,2.607,206581,20035098.0
2013-04-02,2.61,2.592,2.657,2.585,30991,2985610.0
2013-04-03,2.595,2.573,2.601,2.557,67983,6459777.0
2013-04-08,2.476,2.579,2.579,2.476,622151,58463783.0
2013-04-09,2.579,2.607,2.61,2.579,180617,17313595.0
2013-04-10,2.585,2.598,2.616,2.579,68806,6595486.0
2013-04-11,2.616,2.592,2.616,2.579,148657,14239722.0
2013-04-12,2.576,2.567,2.592,2.56,273677,26093684.0
2013-04-15,2.551,2.514,2.551,2.504,53918,5050966.0
2013-04-16,2.458,2.548,2.551,2.458,84854,7877978.0
2013-04-17,2.545,2.573,2.579,2.539,109547,10374714.0
2013-04-18,2.511,2.582,2.598,2.511,49992,4763475.0
2013-04-19,2.588,2.645,2.651,2.588,72931,7074970.0
2013-04-22,2.632,2.663,2.663,2.629,38986,3800810.0
2013-04-23,2.648,2.576,2.657,2.573,59785,5766126.0
2013-04-24,2.579,2.635,2.635,2.573,33109,3180337.0
2013-04-25,2.638,2.598,2.654,2.598,194566,18910335.0
2013-04-26,2.601,2.548,2.604,2.539,139317,13201783.0
2013-05-02,2.539,2.557,2.567,2.526,149678,14134554.0
2013-05-03,2.582,2.62,2.626,2.582,99260,9581122.0
2013-05-06,2.62,2.673,2.679,2.62,218750,21383197.0
2013-05-07,2.666,2.679,2.691,2.66,182404,17976965.0
2013-05-08,2.676,2.71,2.713,2.676,169101,16756390.0
2013-05-09,2.71,2.71,2.716,2.679,81281,8064364.0
2013-05-10,2.701,2.729,2.732,2.701,231993,23186255.0
2013-05-13,2.716,2.738,2.744,2.716,232168,23288040.0
2013-05-14,2.735,2.704,2.735,2.688,111260,11072561.0
2013-05-15,2.707,2.75,2.75,2.707,286416,28713138.0
2013-05-16,2.729,2.785,2.797,2.725,320783,32555206.0
2013-05-17,2.76,2.828,2.841,2.76,277023,28488130.0
2013-05-20,2.85,2.869,2.875,2.825,298205,31047463.0
2013-05-21,2.869,2.906,2.912,2.859,287895,30247728.0
2013-05-22,2.9,2.881,2.919,2.866,405936,42765238.0
2013-05-23,2.878,2.856,2.912,2.85,130442,13716774.0
2013-05-24,2.856,2.903,2.906,2.85,159660,16747556.0
2013-05-27,2.906,2.934,2.943,2.906,74176,7901108.0
2013-05-28,2.937,2.947,2.95,2.894,81982,8727988.0
2013-05-29,2.947,2.965,2.975,2.947,72717,7820906.0
2013-05-30,2.968,2.975,2.984,2.95,138719,14956884.0
2013-05-31,2.975,2.962,3.0,2.959,57540,6238331.0
2013-06-03,2.903,2.94,2.972,2.903,38302,4095516.0
2013-06-04,2.925,2.872,2.931,2.844,86852,9130288.0
2013-06-05,2.869,2.884,2.897,2.856,27112,2843815.0
2013-06-06,2.878,2.825,2.878,2.825,48548,5051309.0
2013-06-07,2.828,2.766,2.844,2.75,73539,7480704.0
2013-06-13,2.75,2.676,2.75,2.62,46612,4576993.0
2013-06-14,2.676,2.744,2.747,2.676,71502,7145319.0
2013-06-17,2.757,2.744,2.769,2.725,91162,9175830.0
2013-06-18,2.76,2.754,2.766,2.719,23273,2341203.0
2013-06-19,2.754,2.741,2.754,2.694,182892,18223941.0
2013-06-20,2.716,2.641,2.732,2.638,123985,12301666.0
2013-06-21,2.632,2.62,2.638,2.532,200857,19236144.0
2013-06-24,2.623,2.439,2.623,2.411,51936,4807900.0
2013-06-25,2.436,2.426,2.501,2.221,265349,23771950.0
2013-06-26,2.414,2.483,2.483,2.408,107005,9710948.0
2013-06-27,2.492,2.433,2.532,2.426,70677,6493908.0
2013-06-28,2.445,2.439,2.489,2.395,32684,2974186.0
2013-07-01,2.436,2.492,2.666,2.42,131081,11929317.0
2013-07-02,2.486,2.545,2.548,2.483,38897,3626154.0
2013-07-03,2.498,2.545,2.551,2.414,35898,3351661.0
2013-07-04,2.526,2.57,2.604,2.517,22960,2179541.0
2013-07-05,2.585,2.557,2.607,2.557,38722,3700358.0
2013-07-08,2.476,2.448,2.557,2.448,21116,1941723.0
2013-07-09,2.439,2.458,2.464,2.426,11148,1014767.0
2013-07-10,2.458,2.548,2.551,2.458,26172,2421862.0
2013-07-11,2.56,2.635,2.66,2.554,45124,4354707.0
2013-07-12,2.629,2.61,2.666,2.604,43731,4251191.0
2013-07-15,2.629,2.663,2.666,2.613,35475,3462780.0
2013-07-16,2.663,2.701,2.701,2.648,26874,2647048.0
2013-07-17,2.688,2.66,2.716,2.648,19628,1938302.0
2013-07-18,2.632,2.654,2.673,2.623,17654,1719130.0
2013-07-19,2.654,2.585,2.679,2.585,20164,1966350.0
2013-07-22,2.573,2.641,2.641,2.551,12801,1222279.0
2013-07-23,2.648,2.713,2.716,2.645,37278,3680395.0
2013-07-24,2.704,2.729,2.741,2.679,27967,2781022.0
2013-07-25,2.754,2.676,2.754,2.669,18895,1876236.0
2013-07-26,2.657,2.669,2.685,2.632,27178,2658904.0
2013-07-29,2.641,2.607,2.663,2.607,8542,827156.0
2013-07-30,2.607,2.592,2.626,2.545,28636,2739168.0
2013-07-31,2.595,2.61,2.645,2.595,31050,3002719.0
2013-08-01,2.62,2.694,2.694,2.616,67234,6597596.0
2013-08-02,2.704,2.701,2.729,2.697,25838,2569377.0
2013-08-05,2.697,2.754,2.754,2.697,38805,3901012.0
2013-08-06,2.601,2.785,2.797,2.601,34761,3496784.0
2013-08-07,2.782,2.744,2.8,2.741,186075,18894994.0
2013-08-08,2.729,2.75,2.778,2.729,178031,18001833.0
2013-08-09,2.769,2.766,2.788,2.732,17844,1798872.0
2013-08-12,2.766,2.822,2.825,2.766,69252,7099476.0
2013-08-13,2.813,2.834,2.834,2.813,146122,15082398.0
2013-08-14,2.825,2.819,2.85,2.806,108316,11226940.0
2013-08-15,2.816,2.778,2.828,2.775,18041,1849902.0
2013-08-16,2.76,2.71,2.828,2.71,88424,9035871.0
2013-08-19,2.691,2.763,2.766,2.688,196289,19727073.0
2013-08-20,2.754,2.744,2.782,2.738,15723,1592045.0
2013-08-21,2.744,2.766,2.772,2.741,11203,1131867.0
2013-08-22,2.772,2.782,2.794,2.763,30062,3066889.0
2013-08-23,2.729,2.772,2.803,2.719,28488,2878414.0
2013-08-26,2.778,2.841,2.844,2.772,46370,4763169.0
2013-08-27,2.838,2.866,2.866,2.834,38817,4035211.0
2013-08-28,2.847,2.847,2.875,2.791,30967,3216333.0
2013-08-29,2.847,2.847,2.856,2.819,26617,2758621.0
2013-08-30,2.838,2.813,2.866,2.797,65511,6801753.0
2013-09-02,2.825,2.819,2.834,2.788,13614,1397365.0
2013-09-03,2.806,2.881,2.887,2.806,93157,9709941.0
2013-09-04,2.875,2.878,2.894,2.856,31260,3282360.0
2013-09-05,2.856,2.897,2.906,2.853,68318,7183125.0
2013-09-06,2.872,2.922,2.928,2.869,130806,13845373.0
2013-09-09,2.937,2.947,2.959,2.884,49635,5310780.0
2013-09-10,2.947,2.975,2.984,2.937,33417,3602553.0
2013-09-11,2.981,2.962,2.993,2.85,18575,1993909.0
2013-09-12,2.725,2.943,2.981,2.725,35975,3869592.0
2013-09-13,2.943,2.953,3.0,2.925,17390,1866099.0
2013-09-16,2.931,2.95,2.984,2.931,17141,1848192.0
2013-09-17,2.95,2.94,2.956,2.928,10074,1077175.0
2013-09-18,2.931,2.95,2.972,2.909,6230,665380.0
2013-09-23,2.943,3.015,3.028,2.943,30002,3257278.0
2013-09-24,3.034,3.015,3.034,2.981,21242,2315553.0
2013-09-25,2.993,3.021,3.043,2.993,59830,6556797.0
2013-09-26,2.975,2.981,3.021,2.962,12006,1296863.0
2013-09-27,2.947,2.962,2.978,2.943,6896,739183.0
2013-09-30,2.968,3.034,3.034,2.962,16589,1798031.0
2013-10-08,3.003,3.046,3.049,2.891,31137,3408314.0
2013-10-09,3.046,3.087,3.087,3.037,41981,4656477.0
2013-10-10,3.109,3.071,3.109,3.015,121992,13618265.0
2013-10-11,3.043,3.124,3.124,3.043,37673,4223222.0
2013-10-14,3.143,3.158,3.162,3.127,51590,5853407.0
2013-10-15,3.162,3.168,3.174,3.14,24694,2813083.0
2013-10-16,3.14,3.068,3.146,3.052,130854,14612196.0
2013-10-17,3.096,3.043,3.112,3.037,287498,32107245.0
2013-10-18,3.084,3.077,3.084,3.043,34286,3803039.0
2013-10-21,3.077,3.162,3.162,3.071,35083,3959732.0
2013-10-22,3.127,3.127,3.177,3.118,30905,3517712.0
2013-10-23,3.127,3.04,3.146,3.018,108347,12031942.0
2013-10-24,3.021,3.028,3.043,3.003,124675,13668592.0
2013-10-25,3.024,2.937,3.024,2.919,53354,5768118.0
2013-10-28,2.943,2.931,2.953,2.909,32392,3452737.0
2013-10-29,2.912,2.841,2.953,2.76,96134,10107385.0
2013-10-30,2.838,2.894,2.897,2.828,33874,3541217.0
2013-10-31,2.897,2.856,2.897,2.853,19223,2014415.0
2013-11-01,2.884,2.844,2.884,2.81,19411,2011505.0
2013-11-04,2.85,2.859,2.878,2.847,22816,2381898.0
2013-11-05,2.844,2.903,2.906,2.828,25237,2627993.0
2013-11-06,2.884,2.878,2.928,2.875,12914,1367314.0
2013-11-07,2.869,2.828,2.869,2.822,18134,1879046.0
2013-11-08,2.828,2.782,2.828,2.772,8453,863921.0
2013-11-11,2.788,2.794,2.803,2.757,623468,63631167.0
2013-11-12,2.8,2.819,2.819,2.785,42779,4385724.0
2013-11-13,2.819,2.766,2.819,2.76,49477,5070570.0
2013-11-14,2.747,2.803,2.803,2.735,68331,6916966.0
2013-11-15,2.803,2.872,2.897,2.803,88916,9284821.0
2013-11-18,2.903,2.947,2.95,2.884,89993,9561160.0
2013-11-19,2.943,2.962,2.972,2.934,133265,14331054.0
2013-11-20,2.972,2.996,2.996,2.95,87511,9435888.0
2013-11-21,2.996,2.984,2.996,2.959,72575,7834858.0
2013-11-22,2.984,2.965,3.0,2.959,73642,7946406.0
2013-11-25,2.965,2.953,2.99,2.943,155993,16809677.0
2013-11-26,2.965,2.965,2.968,2.94,38927,4180467.0
2013-11-27,2.956,3.0,3.003,2.956,64952,7039852.0
2013-11-28,2.996,3.034,3.052,2.996,121067,13303016.0
2013-11-29,3.056,3.049,3.056,3.028,47253,5205903.0
2013-12-02,2.975,2.903,3.015,2.725,97495,10436892.0
2013-12-03,2.803,2.975,2.978,2.803,75557,8065021.0
2013-12-04,2.975,3.037,3.062,2.975,69697,7666483.0
2013-12-05,3.028,3.037,3.059,2.922,16409,1806067.0
2013-12-06,2.993,3.031,3.043,2.993,27764,3048010.0
2013-12-09,3.043,3.052,3.224,3.031,35462,3913160.0
2013-12-10,3.056,3.052,3.068,3.037,41106,4540210.0
2013-12-11,3.052,3.018,3.052,2.996,29658,3243640.0
2013-12-12,3.012,3.024,3.049,3.012,34119,3747393.0
2013-12-13,2.928,3.031,3.037,2.919,50653,5544169.0
2013-12-16,3.031,2.972,3.034,2.968,33396,3622941.0
2013-12-17,2.972,2.95,2.972,2.94,62821,6744187.0
2013-12-18,2.953,2.943,2.965,2.94,16481,1769235.0
2013-12-19,2.965,2.919,2.972,2.912,11045,1181522.0
2013-12-20,2.919,2.875,2.925,2.863,21531,2267361.0
2013-12-23,2.856,2.869,2.884,2.822,31344,3274019.0
2013-12-24,2.872,2.887,2.922,2.869,52610,5535282.0
2013-12-25,2.897,2.928,2.931,2.878,57504,6074135.0
2013-12-26,2.925,2.869,2.928,2.869,43378,4599143.0
2013-12-27,2.875,2.922,2.931,2.866,33351,3520400.0
2013-12-30,2.934,2.931,2.947,2.922,36004,3840227.0
2013-12-31,2.931,2.947,2.95,2.906,1869528,199366988.0
2014-01-02,2.934,2.965,2.965,2.931,45410,4862848.0
2014-01-03,2.953,2.943,2.956,2.919,570060,60909778.0
2014-01-06,2.915,2.85,2.915,2.847,2993850,313480832.0
2014-01-07,2.85,2.863,2.872,2.828,40714,4243075.0
2014-01-08,2.863,2.866,2.897,2.853,458648,48124177.0
2014-01-09,2.866,2.834,2.894,2.834,257454,26729728.0
2014-01-10,2.831,2.772,2.831,2.766,220834,22483668.0
2014-01-13,2.772,2.757,2.794,2.738,285934,28919846.0
2014-01-14,2.76,2.813,2.813,2.744,26449,2697744.0
2014-01-15,2.813,2.831,2.838,2.806,67882,7004726.0
2014-01-16,2.838,2.85,2.859,2.831,7743,802869.0
2014-01-17,2.844,2.806,2.844,2.806,6463,664937.0
2014-01-20,2.806,2.785,2.81,2.766,31241,3196712.0
2014-01-21,2.785,2.822,2.828,2.772,12079,1243554.0
2014-01-22,2.859,2.919,2.919,2.844,50410,5322267.0
2014-01-23,2.919,2.943,2.962,2.915,1176008,126239056.0
2014-01-24,2.912,2.996,3.003,2.912,2230229,241449984.0
2014-01-27,2.984,2.993,3.028,2.962,324888,35427105.0
2014-01-28,2.981,2.987,3.018,2.959,339111,36959205.0
2014-01-29,2.99,3.012,3.018,2.987,19326,2106620.0
2014-01-30,3.006,2.993,3.015,2.981,44737,4864112.0
2014-02-07,2.975,3.059,3.059,2.965,48217,5287180.0
2014-02-10,3.059,3.158,3.162,3.059,330214,37450363.0
2014-02-11,3.137,3.168,3.186,3.124,544162,62116357.0
2014-02-12,3.177,3.205,3.205,3.155,647510,74038467.0
2014-02-13,3.19,3.152,3.218,3.149,86482,9924955.0
2014-02-14,3.158,3.211,3.211,3.146,88019,10089219.0
2014-02-17,3.218,3.28,3.28,3.218,89775,10487790.0
2014-02-18,3.289,3.271,3.295,3.255,929749,109044929.0
2014-02-19,3.274,3.274,3.295,3.249,183306,21535848.0
2014-02-20,3.274,3.221,3.28,3.208,76246,8896582.0
2014-02-21,3.227,3.199,3.227,3.165,331050,38290089.0
2014-02-24,3.152,3.183,3.193,3.127,191017,21765147.0
2014-02-25,3.177,3.059,3.214,3.034,232890,26463593.0
2014-02-26,3.046,3.077,3.081,2.987,406604,44752002.0
2014-02-27,3.077,3.031,3.137,3.028,187747,21010372.0
2014-02-28,3.031,3.068,3.068,2.984,169937,18657591.0
2014-03-03,3.071,3.14,3.143,3.062,112427,12656630.0
2014-03-04,3.143,3.137,3.146,3.099,443053,50089805.0
2014-03-05,3.14,3.118,3.155,3.115,557253,63214440.0
2014-03-06,3.121,3.115,3.13,3.074,218702,24547739.0
2014-03-07,3.124,3.102,3.137,3.087,77956,8769255.0
2014-03-10,3.087,2.972,3.087,2.965,132245,14475633.0
2014-03-11,3.003,2.975,3.003,2.943,382282,41222477.0
2014-03-12,2.972,2.975,2.996,2.925,113235,12198096.0
2014-03-13,2.975,3.012,3.012,2.968,93850,10195870.0
2014-03-14,3.009,2.99,3.015,2.972,285394,30960397.0
2014-03-17,3.018,3.065,3.065,2.99,148410,16296407.0
2014-03-18,3.068,3.084,3.099,3.068,81681,9095581.0
2014-03-19,3.065,3.071,3.077,3.037,86058,9524008.0
2014-03-20,3.071,2.984,3.093,2.984,49450,5452481.0
2014-03-21,2.981,3.046,3.087,2.94,190931,20668454.0
2014-03-24,3.071,3.077,3.087,3.04,137744,15261288.0
2014-03-25,3.077,3.077,3.099,3.059,94507,10524150.0
2014-03-26,3.084,3.09,3.099,3.081,153844,17178789.0
2014-03-27,3.09,3.043,3.09,3.034,154365,17091842.0
2014-03-28,3.037,2.968,3.046,2.962,240664,26120557.0
2014-03-31,2.975,2.95,3.021,2.931,80191,8620067.0
2014-04-01,2.95,3.003,3.003,2.947,147857,15952070.0
2014-04-02,3.015,3.006,3.021,2.993,133183,14524529.0
2014-04-03,3.003,3.0,3.021,2.987,112266,12226946.0
2014-04-04,2.99,3.034,3.037,2.99,191588,20918759.0
2014-04-08,3.037,3.074,3.077,3.021,194779,21454121.0
2014-04-09,3.081,3.105,3.105,3.081,214463,23970613.0
2014-04-10,3.115,3.121,3.133,3.102,369998,41616259.0
2014-04-11,3.112,3.105,3.115,3.09,126417,14175611.0
2014-04-14,3.105,3.133,3.137,3.102,169409,19043503.0
2014-04-15,3.133,3.109,3.133,3.102,114040,12840784.0
2014-04-16,3.102,3.105,3.109,3.084,137799,15416988.0
2014-04-17,3.109,3.102,3.118,3.099,69674,7828896.0
2014-04-18,3.077,3.118,3.118,3.077,169563,19007195.0
2014-04-21,3.109,3.059,3.121,3.056,179995,20111167.0
2014-04-22,3.068,3.04,3.068,2.99,231455,25410411.0
2014-04-23,3.034,3.024,3.049,3.015,184250,20262157.0
2014-04-24,3.024,2.99,3.028,2.99,96219,10483801.0
2014-04-25,2.99,2.915,2.99,2.915,264681,28363305.0
2014-04-28,2.937,2.816,2.937,2.816,88231,9176416.0
2014-04-29,2.822,2.859,2.859,2.816,258880,26847754.0
2014-04-30,2.85,2.884,2.891,2.847,183941,19235590.0
2014-05-05,2.881,2.912,2.912,2.869,63956,6737485.0
2014-05-06,2.906,2.925,2.94,2.906,126115,13411519.0
2014-05-07,2.915,2.872,2.915,2.869,91550,9677390.0
2014-05-08,2.869,2.875,2.915,2.859,90538,9542085.0
2014-05-09,2.872,2.844,2.875,2.819,162227,16845549.0
2014-05-12,2.856,2.928,2.928,2.856,118865,12576651.0
2014-05-13,2.934,2.922,2.934,2.797,149219,15838221.0
2014-05-14,2.915,2.912,2.931,2.906,56957,6047174.0
2014-05-15,2.915,2.859,2.915,2.853,28837,3029931.0
2014-05-16,2.856,2.853,2.856,2.819,124790,12925701.0
2014-05-19,2.847,2.828,2.847,2.816,92369,9543177.0
2014-05-20,2.844,2.844,2.875,2.841,229378,23932427.0
2014-05-21,2.844,2.872,2.872,2.803,169798,17594158.0
2014-05-22,2.872,2.872,2.912,2.869,194965,20544994.0
2014-05-23,2.875,2.912,2.912,2.872,132238,13910521.0
2014-05-26,2.934,2.947,2.947,2.922,123939,13231259.0
2014-05-27,2.943,2.934,2.953,2.928,127300,13606048.0
2014-05-28,2.934,2.975,2.981,2.931,140893,15099768.0
2014-05-29,2.968,2.937,2.987,2.934,139715,15027279.0
2014-05-30,2.937,2.947,2.956,2.919,105174,11235696.0
2014-06-03,2.956,2.937,2.962,2.937,140966,15131089.0
2014-06-04,2.937,2.912,2.937,2.887,55970,5935542.0
2014-06-05,2.912,2.95,2.95,2.909,74501,7948447.0
2014-06-06,2.95,2.94,2.953,2.919,79212,8463563.0
2014-06-09,2.934,2.915,2.95,2.912,60770,6485080.0
2014-06-10,2.928,2.959,2.959,2.909,57838,6172036.0
2014-06-11,2.959,2.975,2.975,2.95,237570,25498400.0
2014-06-12,2.968,2.968,2.972,2.953,28117,3027612.0
2014-06-13,2.965,3.006,3.009,2.962,97927,10647357.0
2014-06-16,3.009,3.021,3.024,3.006,132988,14530513.0
2014-06-17,3.021,2.993,3.021,2.99,85643,9337640.0
2014-06-18,2.996,2.978,3.0,2.972,96207,10412443.0
2014-06-19,2.978,2.884,2.981,2.875,194174,20631855.0
2014-06-20,2.884,2.915,2.915,2.884,120238,12693114.0
2014-06-23,2.919,2.94,2.956,2.897,102736,10975483.0
2014-06-24,2.94,2.962,2.965,2.937,79449,8523000.0
2014-06-25,2.953,2.943,2.953,2.931,41072,4392671.0
2014-06-26,2.943,2.987,2.987,2.943,59089,6385807.0
2014-06-27,2.993,3.006,3.024,2.978,89816,9783042.0
2014-06-30,3.006,3.04,3.043,3.006,94069,10324866.0
2014-07-01,3.04,3.065,3.065,3.034,110355,12179039.0
2014-07-02,3.062,3.09,3.09,3.052,90632,10063122.0
2014-07-03,3.09,3.124,3.13,3.081,225989,25337657.0
2014-07-04,3.124,3.115,3.127,3.105,59466,6697543.0
2014-07-07,3.115,3.121,3.133,3.099,107184,12061467.0
2014-07-08,3.127,3.146,3.146,3.096,199239,22480987.0
2014-07-09,3.133,3.093,3.152,3.09,114866,12976886.0
2014-07-10,3.09,3.09,3.115,3.087,174020,19505931.0
2014-07-11,3.087,3.137,3.143,3.087,184614,20797612.0
2014-07-14,3.143,3.186,3.19,3.137,339807,38717919.0
2014-07-15,3.186,3.193,3.199,3.165,234745,26911417.0
2014-07-16,3.19,3.165,3.205,3.152,159169,18259029.0
2014-07-17,3.165,3.14,3.165,3.115,139911,15829171.0
2014-07-18,3.13,3.146,3.171,3.121,195350,22246227.0
2014-07-21,3.146,3.137,3.155,3.124,100606,11395924.0
2014-07-22,3.137,3.186,3.186,3.137,299477,34070531.0
2014-07-23,3.186,3.162,3.199,3.149,63827,7320833.0
2014-07-24,3.168,3.158,3.18,3.118,163837,18640087.0
2014-07-25,3.155,3.19,3.193,3.155,299235,34155629.0
2014-07-28,3.193,3.252,3.255,3.193,125090,14525174.0
2014-07-29,3.252,3.286,3.302,3.252,538767,63313959.0
2014-07-30,3.289,3.292,3.317,3.271,382908,45230650.0
2014-07-31,3.299,3.336,3.339,3.292,236969,28250731.0
2014-08-01,3.342,3.302,3.348,3.286,250150,29854577.0
2014-08-04,3.302,3.351,3.351,3.299,384006,45690061.0
2014-08-05,3.355,3.367,3.37,3.339,114983,13839739.0
2014-08-06,3.376,3.395,3.404,3.348,91012,11013938.0
2014-08-07,3.38,3.361,3.417,3.355,124457,15048093.0
2014-08-08,3.351,3.38,3.389,3.351,363002,43769385.0
2014-08-11,3.392,3.439,3.439,3.389,229268,28012271.0
2014-08-12,3.445,3.46,3.46,3.432,191549,23593820.0
2014-08-13,3.47,3.46,3.47,3.414,292955,36064982.0
2014-08-14,3.46,3.436,3.485,3.426,121924,15076084.0
2014-08-15,3.426,3.482,3.489,3.426,229978,28381914.0
2014-08-18,3.501,3.538,3.551,3.495,483837,60530391.0
2014-08-19,3.554,3.548,3.56,3.51,246770,31089762.0
2014-08-20,3.523,3.548,3.573,3.523,277516,35112243.0
2014-08-21,3.548,3.541,3.554,3.498,152330,19159065.0
2014-08-22,3.541,3.566,3.573,3.526,105418,13346855.0
2014-08-25,3.582,3.535,3.585,3.529,172403,21805767.0
2014-08-26,3.535,3.473,3.545,3.451,275893,34504144.0
2014-08-27,3.473,3.476,3.489,3.46,750628,93113390.0
2014-08-28,3.47,3.442,3.485,3.429,324406,40133667.0
2014-08-29,3.42,3.489,3.489,3.42,156115,19276091.0
2014-09-01,3.51,3.554,3.554,3.495,139270,17516953.0
2014-09-02,3.566,3.616,3.619,3.56,317963,40585383.0
2014-09-03,3.65,3.647,3.66,3.607,354167,45716339.0
2014-09-04,3.644,3.675,3.682,3.632,430784,55936990.0
2014-09-05,3.691,3.694,3.703,3.657,417267,54526513.0
2014-09-09,3.707,3.725,3.728,3.669,410829,53949838.0
2014-09-10,3.707,3.731,3.735,3.688,200847,26475293.0
2014-09-11,3.738,3.725,3.781,3.691,287981,38176851.0
2014-09-12,3.716,3.775,3.784,3.71,361165,47902408.0
2014-09-15,3.756,3.812,3.819,3.756,318040,42675668.0
2014-09-16,3.816,3.675,3.825,3.669,430022,57429864.0
2014-09-17,3.669,3.71,3.713,3.635,728167,94996399.0
2014-09-18,3.694,3.738,3.738,3.682,330918,43618757.0
2014-09-19,3.738,3.775,3.781,3.725,355869,47326324.0
2014-09-22,3.769,3.716,3.769,3.703,459554,60818452.0
2014-09-23,3.713,3.772,3.772,3.713,474776,62986868.0
2014-09-24,3.763,3.828,3.831,3.75,578054,77709424.0
2014-09-25,3.847,3.822,3.865,3.8,417953,56793393.0
2014-09-26,3.816,3.837,3.844,3.784,375214,50755263.0
2014-09-29,3.844,3.884,3.884,3.84,359500,49148844.0
2014-09-30,3.884,3.912,3.918,3.881,334129,46051684.0
2014-10-08,3.925,3.987,3.987,3.909,504635,70294848.0
2014-10-09,3.99,3.99,3.999,3.928,455128,63748129.0
2014-10-10,3.977,3.968,3.993,3.943,338209,47336851.0
2014-10-13,3.925,3.971,3.971,3.9,1005013,139675433.0
2014-10-14,3.962,3.953,3.996,3.921,476332,66586616.0
2014-10-15,3.949,3.971,3.974,3.915,498673,69513506.0
2014-10-16,3.949,3.906,3.99,3.903,573900,80057756.0
2014-10-17,3.9,3.862,3.909,3.781,523399,71368181.0
2014-10-20,3.878,3.921,3.921,3.868,554315,76293852.0
2014-10-21,3.921,3.881,3.934,3.878,691545,95376012.0
2014-10-22,3.875,3.828,3.897,3.825,442437,60577711.0
2014-10-23,3.822,3.775,3.837,3.75,441612,59260777.0
2014-10-24,3.8,3.788,3.812,3.769,258572,34687541.0
2014-10-27,3.769,3.819,3.819,3.753,339755,45509791.0
2014-10-28,3.825,3.918,3.921,3.825,417908,57290342.0
2014-10-29,3.937,3.984,3.987,3.915,527262,73572434.0
2014-10-30,3.981,3.974,4.006,3.962,596437,83803203.0
2014-10-31,3.977,3.977,3.996,3.931,476377,66588171.0
2014-11-03,3.984,4.012,4.015,3.981,739758,104114141.0
2014-11-04,4.006,3.987,4.018,3.968,484259,68245390.0
2014-11-05,3.99,3.981,3.996,3.965,679359,95384694.0
2014-11-06,3.981,4.012,4.012,3.949,733737,102930610.0
2014-11-07,4.012,3.965,4.027,3.943,735614,103691178.0
2014-11-10,3.999,4.012,4.012,3.94,648296,90968654.0
2014-11-11,4.015,3.878,4.018,3.837,560228,77802243.0
2014-11-12,3.862,3.949,3.953,3.856,825339,113753227.0
2014-11-13,3.946,3.915,3.956,3.884,784397,108658014.0
2014-11-14,3.903,3.903,3.912,3.859,811051,111464409.0
2014-11-17,3.9,3.949,3.971,3.897,570660,79347198.0
2014-11-18,3.943,3.946,3.962,3.937,596455,83076227.0
2014-11-19,3.946,3.968,3.987,3.946,859223,120092499.0
2014-11-20,3.953,3.962,3.974,3.949,379421,53018680.0
2014-11-21,3.962,4.012,4.012,3.962,824607,115728652.0
2014-11-24,4.037,4.083,4.099,4.037,968707,138563344.0
2014-11-25,4.077,4.149,4.149,4.077,849785,123053925.0
2014-11-26,4.164,4.164,4.18,4.13,1207070,176117315.0
2014-11-27,4.174,4.202,4.202,4.158,512316,75183647.0
2014-11-28,4.189,4.186,4.214,4.149,517190,76065676.0
2014-12-01,4.192,4.164,4.192,4.136,421008,61600736.0
2014-12-02,4.143,4.224,4.227,4.143,1079298,158699964.0
2014-12-03,4.227,4.283,4.398,4.196,1042035,154958978.0
2014-12-04,4.314,4.376,4.404,4.28,767723,116553541.0
2014-12-05,4.385,4.28,4.417,4.133,579775,87274154.0
2014-12-08,4.186,4.342,4.367,4.186,500991,75351623.0
2014-12-09,4.329,4.149,4.385,4.13,498932,74951473.0
2014-12-10,4.09,4.326,4.351,4.09,543682,80410959.0
2014-12-11,4.314,4.385,4.407,4.28,532403,81053017.0
2014-12-12,4.351,4.414,4.426,4.351,1090344,167628147.0
2014-12-15,4.41,4.491,4.494,4.379,709463,110173551.0
2014-12-16,4.498,4.501,4.507,4.451,577142,90163838.0
2014-12-17,4.491,4.463,4.491,4.407,644032,100214599.0
2014-12-18,4.445,4.476,4.498,4.407,421723,65865471.0
2014-12-19,4.454,4.432,4.485,4.345,635868,98369261.0
2014-12-22,4.392,4.248,4.429,4.22,624909,93968324.0
2014-12-23,4.22,4.146,4.273,4.136,418322,61813645.0
2014-12-24,4.124,4.205,4.205,4.124,607115,89097756.0
2014-12-25,4.199,4.295,4.295,4.196,604261,89953263.0
2014-12-26,4.292,4.342,4.345,4.261,278916,42067393.0
2014-12-29,4.342,4.27,4.37,4.255,638618,96052109.0
2014-12-30,4.267,4.189,4.292,4.186,1038062,153644647.0
2014-12-31,4.217,4.248,4.314,4.158,548242,81021192.0
2015-01-05,4.298,4.323,4.348,4.239,295554,44496787.0
2015-01-06,4.283,4.395,4.398,4.252,261689,39749067.0
2015-01-07,4.435,4.398,4.435,4.351,149016,22823387.0
2015-01-08,4.395,4.354,4.404,4.329,178143,27263916.0
2015-01-09,4.317,4.329,4.404,4.317,381392,58281122.0
2015-01-12,4.32,4.261,4.32,4.239,288183,43090394.0
2015-01-13,4.239,4.326,4.345,4.189,490084,73865104.0
2015-01-14,4.298,4.308,4.342,4.276,519597,78568607.0
2015-01-15,4.301,4.385,4.392,4.233,423803,64335490.0
2015-01-16,4.376,4.429,4.429,4.345,416922,63920881.0
2015-01-19,4.283,4.22,4.389,4.171,426044,64446201.0
2015-01-20,4.242,4.382,4.382,4.239,229585,34732312.0
2015-01-21,4.404,4.501,4.507,4.395,399769,62258184.0
2015-01-22,4.523,4.582,4.594,4.504,506561,80211502.0
2015-01-23,4.588,4.535,4.625,4.507,280571,44441823.0
2015-01-26,4.529,4.641,4.644,4.516,482468,77197617.0
2015-01-27,4.647,4.653,4.666,4.56,511174,82334591.0
2015-01-28,4.6,4.628,4.684,4.6,792161,128301131.0
2015-01-29,4.6,4.597,4.632,4.566,380563,61080971.0
2015-01-30,4.588,4.538,4.628,4.535,585053,93123458.0
2015-02-02,4.516,4.516,4.557,4.457,335481,52778922.0
2015-02-03,4.529,4.607,4.616,4.529,439508,70039940.0
2015-02-04,4.607,4.582,4.628,4.575,334981,53682702.0
2015-02-05,4.656,4.547,4.681,4.544,888782,142636094.0
2015-02-06,4.547,4.451,4.557,4.426,756697,118369760.0
2015-02-09,4.454,4.423,4.466,4.407,385634,59727828.0
2015-02-10,4.395,4.482,4.485,4.395,283423,43966966.0
2015-02-11,4.485,4.535,4.544,4.485,408031,64409418.0
2015-02-12,4.547,4.575,4.582,4.538,238317,37789808.0
2015-02-13,4.591,4.653,4.681,4.591,594836,96269959.0
2015-02-16,4.653,4.753,4.756,4.653,381073,62336381.0
2015-02-17,4.765,4.778,4.8,4.744,330125,54598557.0
2015-02-25,4.784,4.765,4.812,4.75,566216,94053636.0
2015-02-26,4.762,4.828,4.831,4.759,605478,100551786.0
2015-02-27,4.843,4.881,4.881,4.822,452622,76212396.0
2015-03-02,4.909,4.993,4.996,4.89,635989,108747631.0
2015-03-03,4.943,4.955,5.036,4.937,1134720,195340090.0
2015-03-04,4.921,5.058,5.061,4.921,908846,157014638.0
2015-03-05,5.04,5.046,5.058,4.977,722550,125268598.0
2015-03-06,5.027,4.968,5.058,4.959,814206,141026266.0
2015-03-09,4.918,5.058,5.058,4.909,671518,115801226.0
2015-03-10,5.052,5.089,5.117,5.03,367514,64477191.0
2015-03-11,5.102,5.086,5.102,5.055,425777,74840343.0
2015-03-12,5.096,5.08,5.102,5.036,571702,100240733.0
2015-03-13,5.086,5.149,5.149,5.08,547757,96779612.0
2015-03-16,5.17,5.326,5.329,5.17,632509,114377611.0
2015-03-17,5.332,5.404,5.435,5.31,897557,165818232.0
2015-03-18,5.404,5.494,5.507,5.385,883295,165464294.0
2015-03-19,5.491,5.553,5.553,5.451,573328,108620974.0
2015-03-20,5.544,5.606,5.616,5.529,927600,178092439.0
2015-03-23,5.638,5.837,5.846,5.631,581838,113987231.0
2015-03-24,5.793,5.781,5.809,5.56,811615,159261312.0
2015-03-25,5.753,5.837,5.884,5.731,623942,124227050.0
2015-03-26,5.787,5.787,5.902,5.718,456687,90915710.0
2015-03-27,5.775,5.887,5.908,5.775,622475,124794324.0
2015-03-30,5.921,5.996,6.024,5.89,551817,112300719.0
2015-03-31,6.011,5.971,6.042,5.921,403956,82611640.0
2015-04-01,5.965,6.136,6.167,5.958,345968,71687845.0
2015-04-02,6.183,6.251,6.27,6.148,309230,65416402.0
2015-04-03,6.204,6.351,6.36,6.161,583932,124760233.0
2015-04-07,6.432,6.522,6.771,6.373,650716,143969721.0
2015-04-08,6.522,6.422,6.578,6.298,480247,105423566.0
2015-04-09,6.407,6.388,6.419,6.123,1590903,339752080.0
2015-04-10,6.354,6.597,6.615,6.31,376903,83147159.0
2015-04-15,6.683,6.437,6.683,6.412,260645,206869383.0
2015-04-16,6.421,6.497,6.561,6.142,175806,137379824.0
2015-04-17,6.506,6.544,6.596,6.497,311206,247681126.0
2015-04-20,6.421,6.439,6.603,6.403,137487,109115946.0
2015-04-21,6.438,6.683,6.692,6.422,848282,683870560.0
2015-04-22,6.709,6.901,6.917,6.705,163581,135509750.0
2015-04-23,6.911,6.947,6.99,6.842,143090,119868599.0
2015-04-24,6.857,6.973,7.003,6.727,174120,146273635.0
2015-04-27,6.971,7.053,7.117,6.96,99900,85235344.0
2015-04-28,7.073,6.83,7.119,6.754,169300,141582784.0
2015-04-29,6.772,6.988,7.005,6.77,124215,103711862.0
2015-04-30,6.993,7.035,7.106,6.993,76922,65666372.0
2015-05-04,7.033,7.085,7.103,6.968,70912,60476347.0
2015-05-05,7.058,6.805,7.058,6.76,288326,239602311.0
2015-05-06,6.818,6.682,6.964,6.596,308308,255243261.0
2015-05-07,6.636,6.534,6.69,6.53,132994,106528413.0
2015-05-08,6.543,6.84,7.225,6.543,210930,171825708.0
2015-05-11,6.988,7.219,7.221,6.864,209851,178172117.0
2015-05-12,7.223,7.308,7.379,7.139,198231,173278085.0
2015-05-13,7.18,7.379,7.442,7.18,128923,114074054.0
2015-05-14,7.355,7.348,7.402,7.268,89131,78837191.0
2015-05-15,7.336,7.304,7.354,7.18,129740,113666371.0
2015-05-18,7.285,7.45,7.465,7.247,102521,91308965.0
2015-05-19,7.461,7.649,7.713,7.42,168371,153505760.0
2015-05-20,7.7,7.786,7.947,7.678,202071,190221616.0
2015-05-21,7.81,8.157,8.165,7.792,230655,219267413.0
2015-05-22,8.211,8.273,8.342,7.905,336334,328899616.0
2015-05-25,8.08,8.43,8.464,8.074,143581,142554287.0
2015-05-26,8.43,8.781,8.822,8.43,258953,267713615.0
2015-05-27,8.817,8.882,8.978,8.557,228146,239115084.0
2015-05-28,8.873,8.283,8.983,8.264,199013,208789257.0
2015-05-29,8.342,8.46,8.708,7.95,250833,251134940.0
2015-06-01,8.41,9.021,9.11,8.341,450440,471801648.0
2015-06-02,9.022,9.271,9.276,8.927,2108909,2285752992.0
2015-06-03,9.244,9.205,9.381,8.941,1128759,1240404704.0
2015-06-04,9.183,9.223,9.292,8.246,2820039,3002696576.0
2015-06-05,9.215,9.449,9.467,9.127,418875,466999552.0
2015-06-08,9.388,9.251,9.388,9.067,309378,340542064.0
2015-06-09,9.166,9.306,9.318,9.146,171169,188751522.0
2015-06-10,9.29,9.468,9.695,9.155,135669,152519291.0
2015-06-11,9.478,9.651,9.728,9.388,93202,105834849.0
2015-06-12,9.651,9.826,10.079,9.651,99686,116240463.0
2015-06-15,9.912,9.594,9.931,9.557,103738,120375856.0
2015-06-16,9.433,9.202,9.477,9.11,152170,168673747.0
2015-06-17,9.18,9.416,9.651,8.868,260946,283227792.0
2015-06-18,9.388,9.079,9.457,9.04,117892,131048274.0
2015-06-19,8.719,8.465,8.928,8.354,308728,323229664.0
2015-06-23,8.429,8.463,8.491,7.914,1085965,1076017504.0
2015-06-24,8.464,8.602,8.648,8.32,350374,358324464.0
2015-06-25,8.604,8.322,8.7,8.169,217760,223673195.0
2015-06-26,8.036,7.45,8.211,7.45,159969,149482050.0
2015-06-29,7.617,6.992,7.73,6.666,638986,553626960.0
2015-06-30,6.683,7.552,7.593,6.463,1026222,865843648.0
2015-07-01,7.22,6.912,7.565,6.857,517879,461663568.0
2015-07-02,6.866,6.596,7.093,6.401,2710952,2180763280.0
2015-07-03,6.481,6.08,6.587,5.923,4388682,3277173824.0
2015-07-06,6.726,6.08,6.726,5.452,10526457,7673045504.0
2015-07-07,5.897,5.575,5.897,5.433,5459290,3766227536.0
2015-07-08,4.979,4.979,5.433,4.979,1460248,907670448.0
2015-07-09,4.763,5.516,5.516,4.763,650949,429627472.0
2015-07-10,5.88,6.106,6.106,5.69,900962,665493536.0
2015-07-13,6.383,6.755,6.755,6.159,2201998,1749787568.0
2015-07-14,6.421,6.496,6.961,6.421,1393883,1120809424.0
2015-07-15,6.421,5.899,6.482,5.865,1600747,1221399968.0
2015-07-16,5.818,6.238,6.373,5.68,959224,719193136.0
2015-07-17,6.299,6.663,6.726,6.271,610225,483314368.0
2015-07-20,6.659,6.695,6.848,6.543,1140785,927976960.0
2015-07-21,6.561,6.81,6.871,6.508,658208,539651296.0
2015-07-22,6.798,6.907,6.944,6.692,655244,542408544.0
2015-07-23,6.915,7.164,7.2,6.889,484719,414185056.0
2015-07-24,7.208,7.007,7.294,6.936,361152,312404336.0
2015-07-27,6.822,6.359,7.077,6.342,894988,733905472.0
2015-07-28,6.246,6.334,6.551,6.002,525417,398479088.0
2015-07-29,6.377,6.725,6.744,6.172,500083,387843312.0
2015-07-30,6.654,6.468,6.931,6.421,394540,319515760.0
2015-07-31,6.41,6.393,6.596,6.327,421760,329580144.0
2015-08-03,6.327,6.165,6.355,6.056,277209,209044305.0
2015-08-04,6.255,6.646,6.663,6.204,434403,340617184.0
2015-08-05,6.596,6.5,6.683,6.465,485674,388779680.0
2015-08-06,6.382,6.458,6.62,6.227,275887,216981144.0
2015-08-07,6.553,6.685,6.698,6.529,425307,342391296.0
2015-08-10,6.771,7.081,7.102,6.709,513291,429289872.0
2015-08-11,7.032,7.055,7.135,6.958,487498,415915808.0
2015-08-12,6.96,6.933,7.084,6.926,336851,285483296.0
2015-08-13,6.933,7.112,7.163,6.857,567822,480631584.0
2015-08-14,7.228,7.184,7.294,7.129,395926,344419920.0
2015-08-17,7.154,7.399,7.4,7.14,490142,430926560.0
2015-08-18,7.408,6.734,7.425,6.638,757669,643476352.0
2015-08-19,6.511,6.974,7.03,6.373,694068,559315552.0
2015-08-20,6.858,6.686,6.997,6.665,387096,319729088.0
2015-08-21,6.623,6.332,6.662,6.307,721409,568242592.0
2015-08-24,6.072,5.66,6.15,5.66,517649,368554560.0
2015-08-25,5.348,5.055,5.598,5.055,490282,318953872.0
2015-08-26,5.055,5.055,5.455,4.969,450113,289294384.0
2015-08-27,5.199,5.286,5.328,4.937,430116,274730736.0
2015-08-28,5.386,5.627,5.653,5.269,513621,342252048.0
2015-08-31,5.57,5.392,5.57,5.347,422786,282270160.0
2015-09-01,5.286,4.994,5.286,4.989,200875,126325595.0
2015-09-02,4.718,4.859,5.274,4.64,525564,321460192.0
2015-09-07,4.996,4.987,5.225,4.947,374804,235914397.0
2015-09-08,4.893,5.282,5.358,4.862,634664,399271744.0
2015-09-09,5.301,5.445,5.501,5.272,904986,598515968.0
2015-09-10,5.381,5.294,5.424,5.286,304917,200436816.0
2015-09-11,5.294,5.337,5.39,5.227,303025,198251841.0
2015-09-14,5.348,4.848,5.387,4.765,471486,291601376.0
2015-09-15,4.762,4.588,4.848,4.585,369634,216563450.0
2015-09-16,4.615,5.016,5.086,4.61,480254,288597248.0
2015-09-17,4.995,4.888,5.112,4.876,517096,320134656.0
2015-09-18,4.868,4.959,4.993,4.811,189879,115260816.0
2015-09-21,4.884,5.193,5.198,4.849,393011,245605631.0
2015-09-22,5.209,5.169,5.273,5.111,512465,328505136.0
2015-09-23,5.062,5.087,5.155,5.031,256061,160921334.0
2015-09-24,5.11,5.163,5.218,5.099,212375,135055127.0
2015-09-25,5.116,4.954,5.181,4.919,290103,179699535.0
2015-09-28,5.017,5.103,5.11,4.904,118904,73714381.0
2015-09-29,4.98,5.046,5.075,4.973,147837,91822567.0
2015-09-30,5.05,5.051,5.098,5.008,59784,37248456.0
2015-10-08,5.33,5.276,5.353,5.216,293313,189929359.0
2015-10-09,5.26,5.343,5.371,5.228,221214,143958062.0
2015-10-12,5.388,5.59,5.679,5.388,462298,313600256.0
2015-10-13,5.509,5.644,5.672,5.502,271272,185685654.0
2015-10-14,5.638,5.593,5.688,5.555,231621,159342576.0
2015-10-15,5.574,5.816,5.818,5.57,302122,211965236.0
2015-10-16,5.847,5.879,5.897,5.766,474529,338290256.0
2015-10-19,5.897,5.915,5.941,5.805,327358,234936264.0
2015-10-20,5.905,5.977,5.977,5.818,323718,233424991.0
2015-10-21,5.984,5.607,5.984,5.566,405799,285652336.0
2015-10-22,5.661,5.818,5.847,5.591,291864,204052655.0
2015-10-23,5.801,5.984,5.993,5.793,383391,275684240.0
2015-10-26,6.019,5.981,6.054,5.915,316052,230654300.0
2015-10-27,5.92,6.038,6.08,5.723,306483,220706984.0
2015-10-28,5.95,5.859,6.046,5.81,272867,198383995.0
2015-10-29,5.891,5.928,5.997,5.816,271666,195937998.0
2015-10-30,5.928,5.923,6.029,5.814,178789,129310269.0
2015-11-02,5.88,5.796,5.984,5.776,168998,121280357.0
2015-11-03,5.802,5.766,5.871,5.738,144732,102419846.0
2015-11-04,5.789,6.169,6.173,5.789,389119,285759536.0
2015-11-05,6.158,6.15,6.231,6.082,255186,191496552.0
2015-11-06,6.124,6.31,6.352,6.124,340248,259841498.0
2015-11-09,6.272,6.389,6.43,6.209,299588,230364147.0
2015-11-10,6.334,6.393,6.457,6.318,276416,215062416.0
2015-11-11,6.39,6.527,6.529,6.342,164464,128601614.0
2015-11-12,6.529,6.548,6.578,6.422,183783,145345253.0
2015-11-13,6.456,6.406,6.548,6.302,123870,96822011.0
2015-11-16,6.316,6.577,6.579,6.256,131615,102959025.0
2015-11-17,6.644,6.464,6.7,6.459,158740,126438822.0
2015-11-18,6.487,6.359,6.532,6.338,107866,84599027.0
2015-11-19,6.316,6.577,6.582,6.316,214875,169348199.0
2015-11-20,6.578,6.637,6.655,6.552,144709,115930523.0
2015-11-23,6.615,6.561,6.702,6.552,327600,263817801.0
2015-11-24,6.561,6.644,6.646,6.465,193170,153704213.0
2015-11-25,6.642,6.741,6.744,6.613,169162,136986908.0
2015-11-26,6.763,6.676,6.777,6.665,108159,88282185.0
2015-11-27,6.628,6.253,6.673,6.149,400708,311748928.0
2015-11-30,6.23,6.247,6.349,5.924,255717,191463675.0
2015-12-01,6.239,6.291,6.377,6.181,176391,134599139.0
2015-12-02,6.304,6.293,6.304,6.045,336540,254839044.0
2015-12-03,6.29,6.408,6.412,6.246,185465,143162868.0
2015-12-04,6.389,6.321,6.425,6.272,189121,146233471.0
2015-12-07,6.334,6.433,6.447,6.291,188571,146563474.0
2015-12-08,6.379,6.269,6.382,6.246,121213,92840586.0
2015-12-09,6.262,6.217,6.29,6.186,106976,81237026.0
2015-12-10,6.22,6.193,6.315,6.172,109579,83257755.0
2015-12-11,6.166,6.149,6.199,6.118,118170,88660747.0
2015-12-14,6.111,6.294,6.311,6.08,212585,160529732.0
2015-12-15,6.303,6.314,6.378,6.29,157477,121425555.0
2015-12-16,6.346,6.369,6.425,6.342,134774,104675848.0
2015-12-17,6.42,6.564,6.565,6.386,165840,131167358.0
2015-12-18,6.561,6.519,6.579,6.478,170548,135257955.0
2015-12-21,6.49,6.616,6.622,6.473,168480,134408889.0
2015-12-22,6.609,6.678,6.683,6.572,73937,59482426.0
2015-12-23,6.665,6.585,6.683,6.561,84009,67677876.0
2015-12-24,6.591,6.587,6.604,6.477,90984,72162393.0
2015-12-25,6.582,6.617,6.627,6.555,90908,72748214.0
2015-12-28,6.609,6.449,6.66,6.443,125195,99782014.0
2015-12-29,6.412,6.521,6.527,6.4,149973,117475297.0
2015-12-30,6.52,6.575,6.585,6.509,154506,122660327.0
2015-12-31,6.594,6.454,6.594,6.451,109845,86879093.0
2016-01-04,6.429,5.89,6.465,5.873,225607,169766414.0
2016-01-05,5.594,5.829,6.107,5.583,607645,430640352.0
2016-01-06,5.802,5.96,5.965,5.786,289610,207694227.0
2016-01-07,5.837,5.392,5.897,5.373,33977,23161624.0
2016-01-08,5.564,5.507,5.635,5.199,449461,302679440.0
2016-01-11,5.351,5.128,5.478,5.12,379324,248093123.0
2016-01-12,5.177,5.119,5.199,5.013,439184,276458384.0
2016-01-13,5.146,4.948,5.216,4.945,266859,168295667.0
2016-01-14,4.841,5.127,5.129,4.758,375364,228055836.0
2016-01-15,5.089,4.915,5.127,4.867,441371,271968000.0
2016-01-18,4.829,4.991,5.048,4.771,327069,199709052.0
2016-01-19,4.964,5.163,5.529,4.952,506021,318109888.0
2016-01-20,5.151,5.117,5.224,5.029,257112,163366890.0
2016-01-21,5.02,4.928,5.651,4.919,401780,250775891.0
2016-01-22,4.942,4.998,5.14,4.841,299734,183154376.0
2016-01-25,5.032,5.038,5.106,4.983,219714,136645335.0
2016-01-26,4.996,4.704,4.998,4.615,720102,431090800.0
2016-01-27,4.699,4.579,4.704,4.348,752958,425162496.0
2016-01-28,4.52,4.371,4.578,4.356,308549,172857339.0
2016-01-29,4.409,4.538,4.597,4.349,390024,217704062.0
2016-02-01,4.545,4.483,4.568,4.407,439199,246135600.0
2016-02-02,4.497,4.655,4.663,4.49,578969,333212304.0
2016-02-03,4.587,4.681,4.702,4.546,158033,90642662.0
2016-02-04,4.676,4.766,4.8,4.676,346237,204339003.0
2016-02-05,4.782,4.73,4.801,4.714,1294449,765878272.0
2016-02-15,4.587,4.738,4.952,4.573,143505,83170086.0
2016-02-16,4.745,4.949,4.951,4.745,351502,213110244.0
2016-02-17,4.935,5.001,5.015,4.89,604211,370814768.0
2016-02-18,5.029,4.975,5.056,4.972,851969,528261312.0
2016-02-19,4.963,4.996,5.037,4.941,645245,397705152.0
2016-02-22,5.055,5.115,5.129,5.04,701263,439584704.0
2016-02-23,5.117,5.088,5.124,5.007,278955,174491100.0
2016-02-24,5.038,5.114,5.129,5.006,328626,205718742.0
2016-02-25,5.113,4.665,5.113,4.571,674636,410382992.0
2016-02-26,4.685,4.711,4.753,4.593,555075,322443872.0
2016-02-29,4.677,4.395,4.677,4.333,596393,330337584.0
2016-03-01,4.444,4.537,4.587,4.388,450593,251817613.0
2016-03-02,4.503,4.806,4.806,4.503,554550,324062848.0
2016-03-03,4.822,4.801,4.909,4.798,399259,239779595.0
2016-03-04,4.818,4.648,4.843,4.596,352334,206947348.0
2016-03-07,4.701,4.79,4.849,4.701,586979,347396816.0
2016-03-08,4.764,4.821,4.824,4.588,539716,315806048.0
2016-03-09,4.718,4.677,4.823,4.641,337178,197159511.0
2016-03-10,4.675,4.586,4.725,4.583,172551,99776226.0
2016-03-11,4.557,4.585,4.623,4.5,307447,173916882.0
2016-03-14,4.635,4.774,4.814,4.635,427917,252746678.0
2016-03-15,4.758,4.704,4.77,4.67,236209,138498146.0
2016-03-16,4.759,4.649,4.789,4.63,270100,156945129.0
2016-03-17,4.658,4.814,4.907,4.65,686849,406019040.0
2016-03-18,5.286,5.021,5.286,4.8,1071710,661537760.0
2016-03-21,5.061,5.131,5.144,5.044,443238,277948176.0
2016-03-22,5.101,5.105,5.169,5.059,496295,313105408.0
2016-03-23,5.095,5.158,5.164,5.07,761018,478743712.0
2016-03-24,5.076,5.047,5.166,5.037,485250,305541168.0
2016-03-25,5.044,5.116,5.12,5.041,647329,405539440.0
2016-03-28,5.136,5.069,5.199,5.06,504917,321298464.0
2016-03-29,5.056,4.975,5.081,4.919,432431,267645937.0
2016-03-30,5.015,5.233,5.286,5.015,406518,255703394.0
2016-03-31,5.207,5.188,5.246,5.168,292862,187564634.0
2016-04-01,5.18,5.17,5.18,5.072,470178,297896080.0
2016-04-05,5.17,5.298,5.325,5.149,471192,304889472.0
2016-04-06,5.286,5.333,5.338,5.277,356562,232635947.0
2016-04-07,5.342,5.263,5.364,5.256,455190,296683232.0
2016-04-08,5.239,5.212,5.239,5.129,329190,210280684.0
2016-04-11,5.26,5.312,5.356,5.26,363375,237436336.0
2016-04-12,5.308,5.285,5.331,5.213,189827,122986735.0
2016-04-13,5.313,5.375,5.441,5.313,1166933,774553680.0
2016-04-14,5.408,5.413,5.427,5.347,484874,320992048.0
2016-04-15,5.415,5.406,5.425,5.359,191898,127052655.0
2016-04-18,5.373,5.306,5.373,5.258,474667,309489264.0
2016-04-19,5.323,5.316,5.372,5.285,247454,161674523.0
2016-04-20,5.34,5.065,5.355,4.979,714993,448603296.0
2016-04-21,5.015,5.021,5.124,5.011,514833,321682496.0
2016-04-22,4.998,5.054,5.057,4.972,254602,157680760.0
2016-04-25,5.028,5.027,5.044,4.941,258876,159860858.0
2016-04-26,5.02,5.097,5.198,4.997,227842,141829365.0
2016-04-27,5.099,5.069,5.128,5.055,252682,158728054.0
2016-04-28,5.042,5.025,5.075,4.947,242803,150136940.0
2016-04-29,5.021,5.033,5.092,4.993,187484,116552979.0
2016-05-03,5.033,5.206,5.209,5.007,345866,219028695.0
2016-05-04,5.195,5.206,5.244,5.182,376810,241779969.0
2016-05-05,5.19,5.246,5.248,5.172,199309,127989922.0
2016-05-06,5.241,5.024,5.261,5.019,342294,216540132.0
2016-05-09,4.999,4.827,4.999,4.601,545687,328320832.0
2016-05-10,4.823,4.81,4.849,4.785,270058,161065462.0
2016-05-11,4.822,4.8,4.919,4.78,251027,150244265.0
2016-05-12,4.745,4.802,4.808,4.657,561416,330764416.0
2016-05-13,4.78,4.785,4.854,4.753,393540,234414215.0
2016-05-16,4.789,4.878,4.889,4.739,211644,126028070.0
2016-05-17,4.88,4.87,4.927,4.832,257785,155596810.0
2016-05-18,4.837,4.725,4.837,4.666,197652,116278119.0
2016-05-19,4.697,4.751,4.82,4.697,276056,163348377.0
2016-05-20,4.731,4.82,4.825,4.686,197239,116577623.0
2016-05-23,4.823,4.876,4.884,4.823,166109,99999192.0
2016-05-24,4.868,4.828,4.871,4.788,271015,161824406.0
2016-05-25,4.854,4.796,4.89,4.787,109955,65840331.0
2016-05-26,4.784,4.821,4.892,4.697,222758,131603455.0
2016-05-27,4.813,4.826,4.863,4.794,191522,114435781.0
2016-05-30,4.802,4.802,4.849,4.749,128363,76465171.0
2016-05-31,4.803,5.031,5.043,4.803,493101,302051216.0
2016-06-01,5.047,5.033,5.076,5.02,504386,314179664.0
2016-06-02,5.025,5.077,5.08,5.025,338051,210772675.0
2016-06-03,5.08,5.11,5.133,5.055,549768,345494096.0
2016-06-06,5.108,5.124,5.138,5.084,338128,212946134.0
2016-06-07,5.099,5.118,5.127,5.077,233776,147011785.0
2016-06-08,5.117,5.103,5.126,5.052,131956,82882741.0
2016-06-13,5.023,4.838,5.071,4.831,369421,226252794.0
2016-06-14,4.841,4.862,4.876,4.807,460914,276125088.0
2016-06-15,4.8,5.03,5.11,4.8,843025,522066960.0
2016-06-16,5.03,5.009,5.054,4.991,218211,135274066.0
2016-06-17,5.016,5.051,5.093,4.998,260111,162073897.0
2016-06-20,5.041,5.058,5.069,4.989,314247,195193444.0
2016-06-21,5.094,4.993,5.137,4.974,239171,149767484.0
2016-06-22,4.974,5.096,5.1,4.972,173885,108079108.0
2016-06-23,5.092,5.065,5.096,5.02,198165,123734768.0
2016-06-24,5.062,4.986,5.111,4.86,445118,273872192.0
2016-06-27,4.959,5.14,5.155,4.941,301103,188789191.0
2016-06-28,5.108,5.192,5.195,5.096,307055,194649829.0
2016-06-29,5.193,5.193,5.223,5.172,235839,150847879.0
2016-06-30,5.192,5.196,5.221,5.172,175740,112220719.0
2016-07-01,5.207,5.188,5.26,5.178,216380,138817195.0
2016-07-04,5.111,5.299,5.306,5.111,293228,189993236.0
2016-07-05,5.303,5.328,5.337,5.291,234259,152979661.0
2016-07-06,5.325,5.362,5.363,5.293,182766,119689383.0
2016-07-07,5.357,5.385,5.401,5.321,200807,132401241.0
2016-07-08,5.382,5.362,5.399,5.34,178603,117929046.0
2016-07-11,5.375,5.377,5.447,5.364,210301,139711598.0
2016-07-12,5.365,5.449,5.455,5.321,966571,638433024.0
2016-07-13,5.461,5.49,5.514,5.435,214234,144019063.0
2016-07-14,5.48,5.51,5.513,5.461,252426,169982123.0
2016-07-15,5.5,5.496,5.513,5.469,122138,82352576.0
2016-07-18,5.469,5.473,5.51,5.443,172153,115602870.0
2016-07-19,5.467,5.471,5.476,5.413,367423,245951393.0
2016-07-20,5.475,5.461,5.504,5.461,163372,109810386.0
2016-07-21,5.46,5.489,5.547,5.457,170320,114982314.0
2016-07-22,5.481,5.452,5.492,5.431,450581,301703936.0
2016-07-25,5.435,5.461,5.488,5.432,163078,109167296.0
2016-07-26,5.452,5.543,5.544,5.452,217818,147046315.0
2016-07-27,5.543,5.282,5.557,5.238,1578320,1034575136.0
2016-07-28,5.269,5.309,5.404,5.227,557413,361933536.0
2016-07-29,5.291,5.268,5.326,5.242,183372,119195241.0
2016-08-01,5.232,5.184,5.268,5.124,383384,244178654.0
2016-08-02,5.172,5.238,5.241,5.172,174184,111517868.0
2016-08-03,5.225,5.257,5.264,5.208,246487,159042964.0
2016-08-04,5.252,5.291,5.306,5.234,202624,131461947.0
2016-08-05,5.294,5.273,5.309,5.264,266423,173361688.0
2016-08-08,5.26,5.351,5.373,5.225,230036,150113010.0
2016-08-09,5.334,5.409,5.417,5.334,305221,201373996.0
2016-08-10,5.401,5.38,5.414,5.37,312302,206712809.0
2016-08-11,5.36,5.285,5.395,5.282,312497,204434735.0
2016-08-12,5.285,5.365,5.378,5.268,360423,235995607.0
2016-08-15,5.365,5.485,5.537,5.344,508128,339375888.0
2016-08-16,5.487,5.512,5.53,5.487,290846,196483327.0
2016-08-17,5.504,5.526,5.54,5.488,447033,302794560.0
2016-08-18,5.532,5.528,5.563,5.509,1045857,710818640.0
2016-08-19,5.53,5.529,5.552,5.493,1060923,719392720.0
2016-08-22,5.526,5.463,5.555,5.461,328765,222332808.0
2016-08-23,5.453,5.477,5.501,5.428,119967,80588072.0
2016-08-24,5.469,5.481,5.505,5.461,217573,146614334.0
2016-08-25,5.465,5.441,5.468,5.378,259720,172592201.0
2016-08-26,5.445,5.47,5.515,5.443,183542,123338961.0
2016-08-29,5.469,5.481,5.495,5.437,116734,78333133.0
2016-08-30,5.478,5.477,5.511,5.455,149421,100515436.0
2016-08-31,5.475,5.487,5.489,5.439,124011,83180631.0
2016-09-01,5.482,5.432,5.493,5.429,178120,119248787.0
2016-09-02,5.432,5.404,5.46,5.382,139236,92653619.0
2016-09-05,5.417,5.445,5.472,5.417,151437,101221815.0
2016-09-06,5.443,5.55,5.55,5.397,302572,204118474.0
2016-09-07,5.551,5.536,5.585,5.527,234930,160140497.0
2016-09-08,5.536,5.569,5.57,5.525,81207,55208349.0
2016-09-09,5.568,5.511,5.576,5.508,207713,141217011.0
2016-09-12,5.423,5.35,5.442,5.344,390999,259118473.0
2016-09-13,5.378,5.375,5.398,5.352,132144,87195089.0
2016-09-14,5.349,5.338,5.379,5.33,146449,96352526.0
2016-09-19,5.364,5.408,5.408,5.364,84015,55594832.0
2016-09-20,5.396,5.397,5.408,5.381,88592,58685229.0
2016-09-21,5.395,5.413,5.426,5.391,176510,117312120.0
2016-09-22,5.439,5.445,5.475,5.434,83521,55911435.0
2016-09-23,5.463,5.435,5.465,5.426,82079,54832764.0
2016-09-26,5.424,5.323,5.426,5.312,287538,189284072.0
2016-09-27,5.305,5.356,5.377,5.284,176488,115367739.0
2016-09-28,5.35,5.349,5.358,5.333,129123,84817280.0
2016-09-29,5.349,5.379,5.418,5.349,236919,156519169.0
2016-09-30,5.359,5.403,5.404,5.359,79647,52686992.0
2016-10-10,5.419,5.514,5.522,5.33,345484,231595583.0
2016-10-11,5.528,5.532,5.535,5.497,154159,104276580.0
2016-10-12,5.522,5.528,5.533,5.508,107433,72727122.0
2016-10-13,5.526,5.535,5.548,5.521,113226,76842974.0
2016-10-14,5.522,5.523,5.529,5.478,96645,65318696.0
2016-10-17,5.519,5.478,5.543,5.45,250716,169399058.0
2016-10-18,5.475,5.565,5.567,5.469,264228,178863489.0
2016-10-19,5.578,5.539,5.581,5.527,135362,92181512.0
2016-10-20,5.547,5.543,5.554,5.53,99350,67510096.0
2016-10-21,5.536,5.534,5.558,5.485,155705,105369538.0
2016-10-24,5.534,5.58,5.602,5.525,253940,173425740.0
2016-10-25,5.584,5.602,5.607,5.58,227096,155545672.0
2016-10-26,5.597,5.577,5.6,5.557,168068,114902035.0
2016-10-27,5.57,5.565,5.574,5.542,128438,87518501.0
2016-10-28,5.566,5.52,5.588,5.512,167569,114046710.0
2016-10-31,5.513,5.499,5.513,5.463,211259,142171054.0
2016-11-01,5.498,5.561,5.563,5.498,179408,121703723.0
2016-11-02,5.548,5.502,5.553,5.499,95709,64892679.0
2016-11-03,5.487,5.53,5.57,5.485,108390,73530657.0
2016-11-04,5.516,5.512,5.553,5.502,78242,52995631.0
2016-11-07,5.505,5.516,5.534,5.492,102667,69445608.0
2016-11-08,5.527,5.556,5.567,5.526,208551,141918519.0
2016-11-09,5.556,5.501,5.563,5.444,266876,180418988.0
2016-11-10,5.543,5.588,5.588,5.543,159776,109045003.0
2016-11-11,5.583,5.635,5.639,5.573,168747,115860981.0
2016-11-14,5.626,5.647,5.688,5.618,169334,117227863.0
2016-11-15,5.66,5.669,5.677,5.638,171491,118904785.0
2016-11-16,5.673,5.675,5.695,5.67,53952,37521890.0
2016-11-17,5.669,5.676,5.684,5.64,98764,68397804.0
2016-11-18,5.676,5.648,5.681,5.633,58228,40349084.0
2016-11-21,5.644,5.647,5.695,5.63,106847,73981963.0
2016-11-22,5.651,5.702,5.706,5.651,101603,70563173.0
2016-11-23,5.714,5.664,5.715,5.657,94522,65824340.0
2016-11-24,5.656,5.653,5.688,5.64,147759,102438343.0
2016-11-25,5.653,5.682,5.691,5.575,191801,132195401.0
2016-11-28,5.688,5.699,5.726,5.678,95683,66740923.0
2016-11-29,5.698,5.664,5.711,5.657,123595,86035330.0
2016-11-30,5.653,5.627,5.662,5.61,163163,112639567.0
2016-12-01,5.626,5.662,5.668,5.626,170340,117731940.0
2016-12-02,5.64,5.566,5.659,5.565,155825,107197443.0
2016-12-05,5.522,5.527,5.568,5.504,169860,115294708.0
2016-12-06,5.541,5.535,5.561,5.53,84949,57726826.0
2016-12-07,5.535,5.605,5.607,5.532,74266,50618619.0
2016-12-08,5.6,5.576,5.605,5.571,63560,43498239.0
2016-12-09,5.558,5.56,5.581,5.554,95538,65207023.0
2016-12-12,5.548,5.32,5.572,5.314,401528,266201020.0
2016-12-13,5.319,5.337,5.351,5.267,213072,138765371.0
2016-12-14,5.337,5.302,5.355,5.289,139454,91227496.0
2016-12-15,5.295,5.337,5.371,5.275,160424,105029275.0
2016-12-16,5.337,5.374,5.385,5.329,121683,80227663.0
2016-12-19,5.377,5.378,5.389,5.352,215357,142236316.0
2016-12-20,5.378,5.354,5.386,5.33,77951,51281979.0
2016-12-21,5.362,5.401,5.405,5.362,125835,83240079.0
2016-12-22,5.396,5.392,5.404,5.37,85705,56662959.0
2016-12-23,5.392,5.351,5.398,5.343,76527,50438335.0
2016-12-26,5.351,5.353,5.356,5.275,195442,127638734.0
2016-12-27,5.356,5.364,5.371,5.348,158096,104096964.0
2016-12-28,5.354,5.337,5.364,5.323,103677,68123543.0
2016-12-29,5.316,5.334,5.356,5.316,69762,45776637.0
2016-12-30,5.322,5.332,5.354,5.316,86025,56446495.0
2017-01-03,5.336,5.382,5.391,5.336,66442,43877899.0
2017-01-04,5.384,5.453,5.461,5.364,162321,108176826.0
2017-01-05,5.453,5.45,5.462,5.443,83786,56063658.0
2017-01-06,5.441,5.423,5.45,5.42,62261,41522993.0
2017-01-09,5.416,5.468,5.469,5.413,59916,40070875.0
2017-01-10,5.468,5.446,5.474,5.439,81877,54885189.0
2017-01-11,5.452,5.399,5.459,5.391,89530,59598340.0
2017-01-12,5.397,5.329,5.405,5.325,140763,92668136.0
2017-01-13,5.33,5.266,5.345,5.257,205578,134042463.0
2017-01-16,5.262,5.105,5.262,4.97,214418,135625651.0
2017-01-17,5.107,5.153,5.155,5.042,141414,88987865.0
2017-01-18,5.153,5.157,5.186,5.126,301668,191974280.0
2017-01-19,5.148,5.138,5.167,5.12,180683,114608709.0
2017-01-20,5.12,5.208,5.218,5.12,171705,109685276.0
2017-01-23,5.195,5.262,5.264,5.195,119905,77351282.0
2017-01-24,5.251,5.238,5.267,5.229,78742,50816369.0
2017-01-25,5.22,5.26,5.27,5.22,49482,31972737.0
2017-01-26,5.268,5.298,5.299,5.261,47476,30834785.0
2017-02-03,5.299,5.28,5.315,5.256,69968,45400178.0
2017-02-06,5.281,5.329,5.33,5.268,75508,49213963.0
2017-02-07,5.319,5.32,5.33,5.283,107213,70044876.0
2017-02-08,5.312,5.358,5.359,5.282,58064,38025194.0
2017-02-09,5.361,5.386,5.391,5.345,69203,45737490.0
2017-02-10,5.393,5.399,5.408,5.379,98175,65021994.0
2017-02-13,5.406,5.421,5.424,5.386,104930,69738830.0
2017-02-14,5.419,5.426,5.431,5.399,88102,58578759.0
2017-02-15,5.422,5.371,5.436,5.364,68905,45705334.0
2017-02-16,5.37,5.409,5.422,5.369,85992,57000865.0
2017-02-17,5.408,5.369,5.423,5.358,73543,48672315.0
2017-02-20,5.369,5.444,5.448,5.368,62010,41199339.0
2017-02-21,5.432,5.489,5.494,5.432,89040,59777118.0
2017-02-22,5.499,5.516,5.523,5.477,176142,118975854.0
2017-02-23,5.517,5.525,5.529,5.488,78809,53237861.0
2017-02-24,5.521,5.527,5.527,5.5,103509,69959483.0
2017-02-27,5.516,5.478,5.527,5.47,92903,62779366.0
2017-02-28,5.478,5.498,5.5,5.464,85565,57560355.0
2017-03-01,5.489,5.517,5.539,5.485,204830,138439084.0
2017-03-02,5.509,5.489,5.532,5.476,134972,91065149.0
2017-03-03,5.461,5.502,5.513,5.454,139530,93919299.0
2017-03-06,5.532,5.557,5.564,5.505,161568,109916722.0
2017-03-07,5.553,5.573,5.578,5.532,125484,85445945.0
2017-03-08,5.558,5.551,5.59,5.536,68834,46803069.0
2017-03-09,5.549,5.481,5.549,5.478,109505,73801870.0
2017-03-10,5.48,5.499,5.513,5.48,99092,66830783.0
2017-03-13,5.492,5.563,5.564,5.463,126199,85475494.0
2017-03-14,5.565,5.535,5.568,5.524,123168,83743075.0
2017-03-15,5.528,5.53,5.546,5.513,110068,74664366.0
2017-03-16,5.536,5.583,5.591,5.532,217857,148866868.0
2017-03-17,5.588,5.523,5.594,5.521,239095,163411793.0
2017-03-20,5.521,5.543,5.543,5.499,122934,83280693.0
2017-03-21,5.539,5.568,5.57,5.524,143385,97405768.0
2017-03-22,5.563,5.546,5.563,5.505,116740,79211592.0
2017-03-23,5.542,5.558,5.585,5.5,115342,78432937.0
2017-03-24,5.557,5.596,5.605,5.544,153330,104811998.0
2017-03-27,5.596,5.56,5.602,5.557,106497,72816081.0
2017-03-28,5.557,5.547,5.571,5.533,155323,105630628.0
2017-03-29,5.543,5.527,5.565,5.504,208954,141945519.0
2017-03-30,5.509,5.438,5.522,5.432,288312,193183301.0
2017-03-31,5.432,5.449,5.46,5.426,225083,150411342.0
2017-04-05,5.493,5.599,5.606,5.493,305948,208725406.0
2017-04-06,5.6,5.598,5.605,5.572,133714,91560805.0
2017-04-07,5.598,5.608,5.631,5.576,268234,184026992.0
2017-04-10,5.604,5.602,5.625,5.591,195809,134522436.0
2017-04-11,5.601,5.669,5.67,5.564,150922,103927304.0
2017-04-12,5.67,5.622,5.677,5.613,140866,97317475.0
2017-04-13,5.617,5.657,5.673,5.608,90349,62501878.0
2017-04-14,5.653,5.577,5.657,5.574,210633,144754817.0
2017-04-17,5.562,5.509,5.563,5.499,184407,124935989.0
2017-04-18,5.5,5.482,5.543,5.472,122261,82581748.0
2017-04-19,5.459,5.413,5.469,5.364,405139,268420708.0
2017-04-20,5.417,5.411,5.439,5.378,228585,151726571.0
2017-04-21,5.405,5.375,5.43,5.365,158051,104708947.0
2017-04-24,5.359,5.22,5.36,5.218,870702,563199488.0
2017-04-25,5.22,5.237,5.275,5.22,195797,126520720.0
2017-04-26,5.232,5.248,5.268,5.225,84958,54914604.0
2017-04-27,5.237,5.268,5.28,5.145,314393,201153358.0
2017-04-28,5.267,5.287,5.289,5.251,132021,85608744.0
2017-05-02,5.286,5.281,5.29,5.263,151297,98193818.0
2017-05-03,5.275,5.276,5.303,5.255,79205,51427145.0
2017-05-04,5.264,5.249,5.313,5.235,122499,79400014.0
2017-05-05,5.24,5.185,5.245,5.182,316459,203182643.0
2017-05-08,5.179,5.082,5.179,5.078,387823,244884818.0
2017-05-09,5.068,5.103,5.106,5.026,257398,160839004.0
2017-05-10,5.101,5.0,5.126,4.998,287336,179080269.0
2017-05-11,4.992,4.984,4.993,4.849,786634,480442224.0
2017-05-12,4.974,4.969,4.984,4.926,271878,166619822.0
2017-05-15,4.98,4.996,5.023,4.98,155600,96049625.0
2017-05-16,4.998,5.109,5.117,4.943,360261,224155631.0
2017-05-17,5.109,5.124,5.154,5.101,264928,167464065.0
2017-05-18,5.089,5.072,5.129,5.063,274262,172360801.0
2017-05-19,5.072,5.07,5.09,5.047,136616,85431903.0
2017-05-22,5.068,4.99,5.091,4.983,277141,172576257.0
2017-05-23,4.989,4.893,4.999,4.884,281088,171441415.0
2017-05-24,4.876,4.916,4.918,4.804,556653,335018768.0
2017-05-25,4.917,4.956,4.979,4.854,604291,368012048.0
2017-05-26,4.956,4.96,4.988,4.938,380832,233652724.0
2017-05-31,5.024,4.931,5.048,4.928,455356,280409152.0
2017-06-01,4.923,4.835,4.931,4.834,317097,191953966.0
2017-06-02,4.815,4.894,4.908,4.787,746023,447960000.0
2017-06-05,4.91,4.925,4.952,4.906,538511,327906032.0
2017-06-06,4.916,4.95,4.959,4.898,311996,190197174.0
2017-06-07,4.952,5.066,5.068,4.943,680496,422422128.0
2017-06-08,5.067,5.063,5.074,5.043,323601,202002078.0
2017-06-09,5.062,5.082,5.091,5.035,486958,304095584.0
2017-06-12,5.062,5.015,5.062,5.009,320647,199307596.0
2017-06-13,5.009,5.092,5.107,5.008,461281,288769936.0
2017-06-14,5.092,5.074,5.104,5.066,226860,142226464.0
2017-06-15,5.069,5.123,5.137,5.065,301404,190061008.0
2017-06-16,5.126,5.119,5.136,5.11,183592,115871374.0
2017-06-19,5.12,5.159,5.167,5.11,381276,241981317.0
2017-06-20,5.165,5.176,5.201,5.162,358035,228345259.0
2017-06-21,5.179,5.186,5.186,5.142,350185,222769467.0
2017-06-22,5.192,5.106,5.209,5.103,421110,268159706.0
2017-06-23,5.111,5.123,5.125,5.045,538772,338349232.0
2017-06-26,5.122,5.223,5.226,5.118,455130,290536288.0
2017-06-27,5.227,5.208,5.233,5.19,300929,193122573.0
2017-06-28,5.197,5.191,5.222,5.181,369365,236219123.0
2017-06-29,5.192,5.224,5.248,5.192,398893,256413512.0
2017-06-30,5.22,5.241,5.255,5.193,268758,172814655.0
2017-07-03,5.238,5.279,5.286,5.234,283061,183413975.0
2017-07-04,5.275,5.255,5.277,5.234,225589,145869015.0
2017-07-05,5.251,5.29,5.295,5.24,348159,225691114.0
2017-07-06,5.29,5.29,5.308,5.247,441060,286872432.0
2017-07-07,5.277,5.326,5.336,5.274,146767,95685685.0
2017-07-10,5.326,5.307,5.342,5.288,205021,134092969.0
2017-07-11,5.303,5.244,5.303,5.241,185278,120212237.0
2017-07-12,5.232,5.236,5.288,5.163,664599,425843232.0
2017-07-13,5.232,5.242,5.273,5.22,554473,357803488.0
2017-07-14,5.243,5.227,5.249,5.207,324305,208810469.0
2017-07-17,5.21,5.007,5.213,4.999,948466,592063584.0
2017-07-18,4.996,5.056,5.058,4.98,445258,275768880.0
2017-07-19,5.046,5.179,5.183,5.033,301127,189826491.0
2017-07-20,5.174,5.205,5.223,5.167,322815,206896148.0
2017-07-21,5.191,5.225,5.239,5.191,410813,264052309.0
2017-07-24,5.224,5.268,5.283,5.222,288882,186779409.0
2017-07-25,5.27,5.267,5.273,5.22,174490,112701133.0
2017-07-26,5.258,5.256,5.268,5.222,154486,99678898.0
2017-07-27,5.252,5.292,5.309,5.212,235040,152476146.0
2017-07-28,5.275,5.323,5.344,5.275,251334,164257347.0
2017-07-31,5.323,5.402,5.406,5.303,312205,205294262.0
2017-08-01,5.404,5.386,5.404,5.367,199596,131926536.0
2017-08-02,5.387,5.36,5.413,5.348,286409,189153892.0
2017-08-03,5.351,5.363,5.399,5.345,237447,156696120.0
2017-08-04,5.356,5.33,5.404,5.323,349620,230726399.0
2017-08-07,5.317,5.411,5.414,5.317,278900,184092462.0
2017-08-08,5.411,5.405,5.427,5.386,214594,142477611.0
2017-08-09,5.403,5.443,5.452,5.392,179867,119668114.0
2017-08-10,5.434,5.395,5.441,5.35,330918,219487285.0
2017-08-11,5.375,5.287,5.386,5.265,468022,305962304.0
2017-08-14,5.268,5.402,5.405,5.268,367029,241628506.0
2017-08-15,5.391,5.406,5.416,5.374,238316,158046894.0
2017-08-16,5.402,5.413,5.424,5.363,170652,113135562.0
2017-08-17,5.41,5.47,5.473,5.406,302684,202092777.0
2017-08-18,5.445,5.445,5.46,5.426,311772,208173399.0
2017-08-21,5.46,5.502,5.503,5.449,171601,115463273.0
2017-08-22,5.495,5.478,5.498,5.464,203205,136662861.0
2017-08-23,5.467,5.433,5.479,5.411,170302,113762685.0
2017-08-24,5.432,5.39,5.438,5.38,196956,130820741.0
2017-08-25,5.389,5.451,5.465,5.388,485972,324604880.0
2017-08-28,5.461,5.517,5.543,5.449,674059,455625120.0
2017-08-29,5.517,5.497,5.533,5.48,282979,191115038.0
2017-08-30,5.495,5.538,5.557,5.488,267383,181101422.0
2017-08-31,5.539,5.558,5.567,5.523,214562,145784923.0
2017-09-01,5.561,5.619,5.623,5.543,425492,291657712.0
2017-09-04,5.618,5.644,5.658,5.605,385680,265856207.0
2017-09-05,5.644,5.648,5.657,5.609,237228,163583340.0
2017-09-06,5.634,5.681,5.69,5.618,167991,116397498.0
2017-09-07,5.681,5.637,5.695,5.628,188499,130803051.0
2017-09-08,5.635,5.656,5.688,5.618,219130,151648108.0
2017-09-11,5.657,5.729,5.731,5.644,305687,212907731.0
2017-09-12,5.735,5.715,5.795,5.705,303712,213630283.0
2017-09-13,5.71,5.757,5.758,5.702,191928,134594416.0
2017-09-14,5.754,5.743,5.777,5.717,258239,181546392.0
2017-09-15,5.737,5.696,5.743,5.671,289540,202029653.0
2017-09-18,5.695,5.754,5.755,5.688,242900,170366448.0
2017-09-19,5.751,5.702,5.766,5.681,342833,239699528.0
2017-09-20,5.653,5.764,5.766,5.653,222775,156214274.0
2017-09-21,5.76,5.693,5.764,5.681,265099,185592375.0
2017-09-22,5.67,5.647,5.675,5.619,244042,168719475.0
2017-09-25,5.635,5.574,5.653,5.567,303032,208495087.0
2017-09-26,5.573,5.6,5.606,5.565,237670,162582885.0
2017-09-27,5.6,5.654,5.667,5.599,224252,154960020.0
2017-09-28,5.653,5.656,5.682,5.626,117744,81485291.0
2017-09-29,5.656,5.693,5.699,5.654,146080,101581034.0
2017-10-09,5.77,5.757,5.81,5.724,360694,253934359.0
2017-10-10,5.766,5.777,5.78,5.733,181626,127779576.0
2017-10-11,5.778,5.743,5.78,5.736,248028,174518996.0
2017-10-12,5.738,5.731,5.752,5.698,191469,134120988.0
2017-10-13,5.722,5.779,5.782,5.722,241539,170124187.0
2017-10-16,5.784,5.69,5.784,5.688,348347,243811692.0
2017-10-17,5.681,5.681,5.722,5.667,186159,129576578.0
2017-10-18,5.686,5.65,5.702,5.642,223921,155567882.0
2017-10-19,5.646,5.589,5.651,5.578,301868,207562811.0
2017-10-20,5.572,5.649,5.652,5.568,315183,216971929.0
2017-10-23,5.645,5.69,5.695,5.544,377878,261489563.0
2017-10-24,5.686,5.684,5.688,5.64,295493,204998564.0
2017-10-25,5.684,5.718,5.729,5.665,336629,234697651.0
2017-10-26,5.714,5.729,5.763,5.696,284328,199400821.0
2017-10-27,5.729,5.715,5.739,5.695,232862,162790590.0
2017-10-30,5.708,5.591,5.708,5.56,363839,249859388.0
2017-10-31,5.587,5.634,5.64,5.576,290649,199439681.0
2017-11-01,5.633,5.619,5.667,5.617,288061,199167665.0
2017-11-02,5.615,5.56,5.615,5.557,231906,158569856.0
2017-11-03,5.562,5.508,5.581,5.484,295220,200501103.0
2017-11-06,5.509,5.59,5.595,5.495,262889,178537247.0
2017-11-07,5.59,5.625,5.626,5.574,280244,192235248.0
2017-11-08,5.626,5.636,5.682,5.617,246448,170550387.0
2017-11-09,5.636,5.686,5.687,5.636,228879,158323992.0
2017-11-10,5.681,5.705,5.722,5.661,377352,262930506.0
2017-11-13,5.708,5.732,5.733,5.693,362860,253994237.0
2017-11-14,5.736,5.688,5.738,5.67,349702,244403224.0
2017-11-15,5.678,5.613,5.679,5.593,235165,162187136.0
2017-11-16,5.61,5.629,5.646,5.594,461570,318038896.0
2017-11-17,5.629,5.469,5.632,5.456,380805,258884544.0
2017-11-20,5.453,5.514,5.521,5.345,359246,239050339.0
2017-11-21,5.514,5.538,5.553,5.48,305211,206627474.0
2017-11-22,5.538,5.513,5.578,5.481,346050,234662243.0
2017-11-23,5.509,5.366,5.513,5.362,317667,212694872.0
2017-11-24,5.354,5.378,5.414,5.347,269302,177972304.0
2017-11-27,5.373,5.301,5.387,5.299,202418,133048227.0
2017-11-28,5.299,5.391,5.393,5.296,456687,300356432.0
2017-11-29,5.393,5.409,5.437,5.342,444216,294149312.0
2017-11-30,5.399,5.37,5.419,5.356,257549,170433410.0
2017-12-01,5.373,5.409,5.433,5.365,334194,221647981.0
2017-12-04,5.388,5.376,5.436,5.364,231725,153602277.0
2017-12-05,5.357,5.25,5.378,5.222,430217,280241184.0
2017-12-06,5.261,5.275,5.276,5.184,391935,252629329.0
2017-12-07,5.26,5.241,5.29,5.238,316514,204930355.0
2017-12-08,5.242,5.303,5.328,5.241,384802,250506655.0
2017-12-11,5.316,5.387,5.391,5.316,210758,138870257.0
2017-12-12,5.388,5.337,5.393,5.334,202747,133804184.0
2017-12-13,5.338,5.387,5.389,5.328,201404,132624234.0
2017-12-14,5.385,5.4,5.405,5.353,227313,150282252.0
2017-12-15,5.401,5.354,5.407,5.322,203871,134095890.0
2017-12-18,5.354,5.31,5.373,5.299,211331,138434539.0
2017-12-19,5.314,5.355,5.361,5.314,240757,158211309.0
2017-12-20,5.356,5.311,5.356,5.309,257763,168815909.0
2017-12-21,5.296,5.344,5.372,5.274,488364,320156128.0
2017-12-22,5.334,5.344,5.382,5.334,255339,168011989.0
2017-12-25,5.356,5.291,5.364,5.282,311533,203576762.0
2017-12-26,5.292,5.329,5.334,5.273,335939,219141421.0
2017-12-27,5.328,5.276,5.337,5.271,257924,168208376.0
2017-12-28,5.268,5.306,5.33,5.267,224594,146656336.0
2017-12-29,5.306,5.364,5.364,5.306,235606,154631978.0
2018-01-02,5.382,5.44,5.443,5.371,525743,349300160.0
2018-01-03,5.442,5.478,5.491,5.432,351534,235694054.0
2018-01-04,5.478,5.501,5.501,5.466,428532,288422224.0
2018-01-05,5.502,5.511,5.524,5.48,292916,197782972.0
2018-01-08,5.512,5.538,5.545,5.489,278509,188633681.0
2018-01-09,5.535,5.533,5.536,5.514,231364,156735422.0
2018-01-10,5.53,5.503,5.53,5.467,293337,197644878.0
2018-01-11,5.487,5.517,5.526,5.47,206756,139537279.0
2018-01-12,5.509,5.488,5.52,5.478,318596,215029045.0
2018-01-15,5.474,5.362,5.484,5.347,427236,282912224.0
2018-01-16,5.358,5.392,5.439,5.354,464685,307280800.0
2018-01-17,5.393,5.359,5.395,5.309,607058,399076224.0
2018-01-18,5.348,5.381,5.406,5.345,309543,204540733.0
2018-01-19,5.374,5.364,5.415,5.358,340980,225536249.0
2018-01-22,5.358,5.438,5.447,5.338,677733,450059824.0
2018-01-23,5.443,5.446,5.465,5.423,420143,280737072.0
2018-01-24,5.448,5.49,5.5,5.426,851393,571340752.0
2018-01-25,5.492,5.481,5.516,5.48,567947,382956544.0
2018-01-26,5.48,5.487,5.501,5.467,331981,223370596.0
2018-01-29,5.482,5.411,5.504,5.399,498713,333296016.0
2018-01-30,5.411,5.41,5.432,5.397,293135,194936851.0
2018-01-31,5.392,5.287,5.392,5.284,447349,292504192.0
2018-02-01,5.287,5.117,5.313,5.111,864195,551865680.0
2018-02-02,5.103,5.114,5.129,4.979,1267489,793031408.0
2018-02-05,5.048,5.104,5.129,5.024,541419,339760000.0
2018-02-06,5.015,4.856,5.052,4.846,827310,507931376.0
2018-02-07,4.94,4.862,4.971,4.781,735216,443705248.0
2018-02-08,4.862,4.908,4.933,4.833,676477,410095296.0
2018-02-09,4.762,4.706,4.828,4.665,2130362,1251897856.0
2018-02-12,4.727,4.844,4.873,4.727,698404,416947632.0
2018-02-13,4.858,4.876,4.923,4.858,367858,222569002.0
2018-02-14,4.882,4.894,4.895,4.849,258543,155739946.0
2018-02-22,4.927,5.004,5.006,4.925,380812,233875055.0
2018-02-23,5.0,5.012,5.026,4.976,375252,231689160.0
2018-02-26,5.041,5.158,5.163,5.037,870131,548835584.0
2018-02-27,5.158,5.132,5.168,5.121,580361,368172960.0
2018-02-28,5.089,5.134,5.17,5.073,523387,331092352.0
2018-03-01,5.124,5.21,5.216,5.085,492663,313549024.0
2018-03-02,5.186,5.183,5.203,5.165,353964,226016932.0
2018-03-05,5.183,5.176,5.208,5.139,380005,241702646.0
2018-03-06,5.184,5.251,5.253,5.179,458174,294242560.0
2018-03-07,5.254,5.198,5.254,5.195,359232,231058219.0
2018-03-08,5.193,5.248,5.251,5.181,327954,210662153.0
2018-03-09,5.25,5.324,5.327,5.242,495397,322140352.0
2018-03-12,5.353,5.386,5.392,5.33,1345204,887651648.0
2018-03-13,5.385,5.359,5.39,5.348,549054,362252096.0
2018-03-14,5.348,5.286,5.36,5.281,584281,382281808.0
2018-03-15,5.268,5.275,5.313,5.218,695434,450390608.0
2018-03-16,5.28,5.244,5.309,5.242,358218,232727180.0
2018-03-19,5.277,5.266,5.301,5.227,344770,223307777.0
2018-03-20,5.213,5.268,5.283,5.172,396518,255662480.0
2018-03-21,5.275,5.222,5.324,5.22,528006,343280688.0
2018-03-22,5.23,5.221,5.263,5.181,334322,214977847.0
2018-03-23,5.098,4.93,5.098,4.863,968590,597267440.0
2018-03-26,4.869,5.036,5.049,4.827,1542442,940072864.0
2018-03-27,5.07,5.159,5.162,5.068,663261,418588368.0
2018-03-28,5.076,5.096,5.141,5.076,722666,455608784.0
2018-03-29,5.101,5.154,5.161,5.079,811659,511545456.0
2018-03-30,5.167,5.227,5.237,5.167,824116,526956816.0
2018-04-02,5.242,5.22,5.279,5.212,463298,299157904.0
2018-04-03,5.154,5.175,5.188,5.126,493660,313389712.0
2018-04-04,5.179,5.13,5.216,5.122,307397,196234868.0
2018-04-09,5.124,5.138,5.19,5.076,411243,260248627.0
2018-04-10,5.138,5.181,5.185,5.111,513057,324971904.0
2018-04-11,5.189,5.191,5.225,5.184,473710,303587920.0
2018-04-12,5.189,5.161,5.207,5.147,457910,291943232.0
2018-04-13,5.185,5.143,5.206,5.126,462247,293887584.0
2018-04-16,5.138,5.126,5.169,5.08,584662,369777456.0
2018-04-17,5.135,5.027,5.161,5.019,618084,387718288.0
2018-04-18,5.066,5.087,5.108,4.963,951341,591205744.0
2018-04-19,5.086,5.113,5.16,5.081,552133,348872928.0
2018-04-20,5.11,5.016,5.11,5.002,790266,493963712.0
2018-04-23,5.022,4.958,5.048,4.901,729291,447402128.0
2018-04-24,4.964,5.071,5.085,4.964,781693,486768176.0
2018-04-25,5.063,5.076,5.089,5.049,414102,258924442.0
2018-04-26,5.081,4.979,5.085,4.973,577027,357871296.0
2018-04-27,5.008,5.002,5.021,4.952,669379,412316416.0
2018-05-02,5.013,4.988,5.039,4.953,391063,241309992.0
2018-05-03,4.958,5.041,5.05,4.918,859939,529946624.0
2018-05-04,5.036,5.037,5.065,5.021,695136,432305952.0
2018-05-07,5.04,5.142,5.152,5.04,609602,384117264.0
2018-05-08,5.155,5.168,5.169,5.132,383403,243347128.0
2018-05-09,5.172,5.146,5.172,5.13,363061,230248427.0
2018-05-10,5.148,5.169,5.18,5.117,347789,220733112.0
2018-05-11,5.175,5.125,5.179,5.116,316040,200301216.0
2018-05-14,5.125,5.099,5.148,5.08,495102,312722608.0
2018-05-15,5.103,5.151,5.154,5.089,698138,440177744.0
2018-05-16,5.142,5.138,5.168,5.123,457107,289754336.0
2018-05-17,5.138,5.103,5.144,5.094,488457,307983936.0
2018-05-18,5.1,5.138,5.14,5.064,517295,325327536.0
2018-05-21,5.154,5.199,5.214,5.154,872384,557658688.0
2018-05-22,5.197,5.222,5.224,5.171,506056,324045120.0
2018-05-23,5.219,5.148,5.219,5.142,729504,464241632.0
2018-05-24,5.148,5.131,5.165,5.12,373938,236971124.0
2018-05-25,5.131,5.057,5.131,5.047,470722,294789936.0
2018-05-28,5.054,5.047,5.089,5.013,521797,325013840.0
2018-05-29,5.041,4.979,5.071,4.97,472390,292991552.0
2018-05-30,4.924,4.856,4.935,4.849,750825,454294384.0
2018-05-31,4.883,4.917,4.93,4.846,710126,429618496.0
2018-06-01,4.904,4.856,4.911,4.821,685086,411788656.0
2018-06-04,4.867,4.855,4.883,4.824,486636,292051584.0
2018-06-05,4.853,4.944,4.945,4.853,550145,332988288.0
2018-06-06,4.941,4.938,4.944,4.914,1009117,615029904.0
2018-06-07,4.95,4.91,4.97,4.894,525575,319724880.0
2018-06-08,4.902,4.845,4.903,4.814,711008,425895952.0
2018-06-11,4.839,4.813,4.849,4.787,608370,362777520.0
2018-06-12,4.815,4.856,4.866,4.778,778656,465374736.0
2018-06-13,4.849,4.781,4.849,4.774,648252,386370032.0
2018-06-14,4.771,4.773,4.816,4.75,722948,427582848.0
2018-06-15,4.772,4.681,4.776,4.631,1168962,679873312.0
2018-06-19,4.618,4.36,4.618,4.285,2005048,1109059904.0
2018-06-20,4.341,4.402,4.429,4.314,1442880,785545888.0
2018-06-21,4.403,4.317,4.457,4.309,1940239,1060420480.0
2018-06-22,4.291,4.378,4.388,4.254,991003,536493648.0
2018-06-25,4.404,4.334,4.419,4.331,749641,409242160.0
2018-06-26,4.308,4.375,4.394,4.281,948547,513957760.0
2018-06-27,4.375,4.311,4.405,4.304,763497,414076992.0
2018-06-28,4.307,4.276,4.376,4.271,836408,452088256.0
2018-06-29,4.291,4.44,4.449,4.282,1349808,738046048.0
2018-07-02,4.439,4.362,4.46,4.316,1125681,616906384.0
2018-07-03,4.367,4.412,4.429,4.284,1787771,974213616.0
2018-07-04,4.398,4.347,4.398,4.328,952401,517797168.0
2018-07-05,4.341,4.221,4.35,4.218,1007082,539223728.0
2018-07-06,4.218,4.223,4.298,4.143,1309924,692677248.0
2018-07-09,4.243,4.341,4.343,4.243,817787,439205088.0
2018-07-10,4.343,4.367,4.376,4.314,452621,245388916.0
2018-07-11,4.285,4.277,4.308,4.22,2690446,1432038480.0
2018-07-12,4.276,4.413,4.422,4.276,1520153,830299472.0
2018-07-13,4.412,4.425,4.439,4.393,553886,304835456.0
2018-07-16,4.428,4.43,4.449,4.392,699099,384465200.0
2018-07-17,4.43,4.414,4.43,4.357,765825,419486896.0
2018-07-18,4.422,4.391,4.454,4.388,580061,319492944.0
2018-07-19,4.387,4.351,4.41,4.319,752068,409224816.0
2018-07-20,4.328,4.409,4.429,4.319,1189524,648748304.0
2018-07-23,4.386,4.445,4.45,4.37,787437,433372576.0
2018-07-24,4.451,4.526,4.546,4.447,1986404,1115275664.0
2018-07-25,4.525,4.527,4.553,4.513,662522,373339472.0
2018-07-26,4.528,4.498,4.537,4.481,759910,425675216.0
2018-07-27,4.485,4.473,4.512,4.45,789404,440446928.0
2018-07-30,4.473,4.4,4.482,4.39,1033400,570104272.0
2018-07-31,4.399,4.41,4.446,4.378,693828,381619312.0
2018-08-01,4.418,4.335,4.47,4.331,1121054,616093312.0
2018-08-02,4.327,4.226,4.333,4.134,1620096,855991584.0
2018-08-03,4.223,4.181,4.255,4.181,1617068,852363872.0
2018-08-06,4.174,4.085,4.184,4.062,1777186,915209280.0
2018-08-07,4.095,4.196,4.204,4.058,1261550,653230768.0
2018-08-08,4.178,4.138,4.188,4.116,896672,466982576.0
2018-08-09,4.11,4.252,4.273,4.11,1351365,715044160.0
2018-08-10,4.234,4.271,4.278,4.232,698826,371617536.0
2018-08-13,4.238,4.3,4.31,4.199,1091477,580665728.0
2018-08-14,4.291,4.277,4.294,4.25,534976,285635248.0
2018-08-15,4.273,4.184,4.274,4.174,883912,465547600.0
2018-08-16,4.151,4.144,4.195,4.071,823438,428626608.0
2018-08-17,4.177,4.063,4.195,4.052,713811,368239760.0
2018-08-20,4.064,4.088,4.099,4.01,1421923,724264464.0
2018-08-21,4.088,4.133,4.166,4.073,759995,393047296.0
2018-08-22,4.138,4.104,4.138,4.09,543384,279892992.0
2018-08-23,4.103,4.126,4.148,4.073,1033252,533452784.0
2018-08-24,4.107,4.109,4.139,4.084,652082,336202656.0
2018-08-27,4.12,4.221,4.225,4.12,1122634,588702096.0
2018-08-28,4.226,4.226,4.234,4.199,761710,402083824.0
2018-08-29,4.212,4.202,4.223,4.179,829122,435329536.0
2018-08-30,4.198,4.133,4.203,4.126,946639,492243072.0
2018-08-31,4.124,4.084,4.126,4.065,833794,428312880.0
2018-09-03,4.076,4.105,4.106,4.024,1363577,694676848.0
2018-09-04,4.093,4.137,4.164,4.087,987881,511348992.0
2018-09-05,4.127,4.078,4.141,4.075,915344,472137824.0
2018-09-06,4.064,4.058,4.115,4.037,795864,407488960.0
2018-09-07,4.07,4.051,4.134,4.02,1183112,606385872.0
2018-09-10,4.046,3.983,4.057,3.974,949761,477852368.0
2018-09-11,3.986,3.977,4.011,3.948,1143449,571552816.0
2018-09-12,3.977,3.963,4.005,3.951,764076,382325280.0
2018-09-13,4.006,3.988,4.046,3.927,1761064,881154576.0
2018-09-14,3.994,3.941,4.002,3.94,1012344,504864016.0
2018-09-17,3.924,3.889,3.924,3.867,808510,396317712.0
2018-09-18,3.877,3.952,3.962,3.864,1193475,588045200.0
2018-09-19,3.94,4.003,4.042,3.933,1546912,776803040.0
2018-09-20,4.007,4.003,4.031,3.994,785304,395683536.0
2018-09-21,4.008,4.086,4.088,3.991,1898553,965384880.0
2018-09-25,4.052,4.062,4.078,4.037,1062334,540808672.0
2018-09-26,4.057,4.071,4.115,4.046,1507938,772579936.0
2018-09-27,4.07,4.024,4.081,4.016,1118718,568799680.0
2018-09-28,4.025,4.083,4.085,4.011,1236921,629456416.0
2018-10-08,3.985,3.926,4.016,3.92,1195999,597232912.0
2018-10-09,3.929,3.913,3.959,3.893,798454,394383200.0
2018-10-10,3.915,3.912,3.941,3.868,1011845,498239728.0
2018-10-11,3.797,3.587,3.798,3.562,2444322,1140331440.0
2018-10-12,3.581,3.571,3.602,3.459,1855875,836080816.0
2018-10-15,3.583,3.503,3.62,3.497,1120692,506762832.0
2018-10-16,3.504,3.431,3.528,3.398,1261127,556499168.0
2018-10-17,3.474,3.447,3.483,3.37,2495643,1094866928.0
2018-10-18,3.425,3.363,3.425,3.349,1866176,805603808.0
2018-10-19,3.337,3.44,3.459,3.295,2283579,985408800.0
2018-10-22,3.54,3.664,3.698,3.496,4868187,2223983616.0
2018-10-23,3.664,3.566,3.679,3.538,2816376,1289139920.0
2018-10-24,3.555,3.555,3.609,3.522,1840144,832516160.0
2018-10-25,3.444,3.554,3.56,3.411,1923582,850854304.0
2018-10-26,3.561,3.535,3.607,3.52,2021065,915100624.0
2018-10-29,3.542,3.487,3.544,3.463,1180770,527168192.0
2018-10-30,3.473,3.523,3.559,3.418,1973818,880146064.0
2018-10-31,3.528,3.583,3.617,3.52,2789274,1269531680.0
2018-11-01,3.623,3.611,3.683,3.607,3468342,1601492736.0
2018-11-02,3.741,3.758,3.793,3.673,10144573,4759929088.0
2018-11-05,3.736,3.737,3.769,3.662,3164850,1489957824.0
2018-11-06,3.714,3.745,3.745,3.676,1898185,891086000.0
2018-11-07,3.746,3.706,3.784,3.704,2124923,1006165536.0
2018-11-08,3.74,3.679,3.744,3.676,2056449,964857792.0
2018-11-09,3.663,3.68,3.703,3.653,1127520,525526000.0
2018-11-12,3.672,3.787,3.798,3.666,3341448,1585785600.0
2018-11-13,3.741,3.87,3.896,3.734,4028416,1946595328.0
2018-11-14,3.859,3.851,3.902,3.832,1872446,911632112.0
2018-11-15,3.847,3.926,3.927,3.844,2109414,1032626528.0
2018-11-16,3.933,3.952,3.996,3.901,3075717,1528709088.0
2018-11-19,3.946,3.954,3.974,3.899,3413854,1689822320.0
2018-11-20,3.913,3.838,3.935,3.829,3361101,1645028160.0
2018-11-21,3.783,3.848,3.87,3.776,2822255,1360725584.0
2018-11-22,3.857,3.848,3.884,3.821,1998044,970256624.0
2018-11-23,3.838,3.668,3.844,3.664,3320888,1569104080.0
2018-11-26,3.676,3.676,3.718,3.652,2573888,1199796080.0
2018-11-27,3.697,3.697,3.721,3.673,1172537,548847680.0
2018-11-28,3.699,3.757,3.759,3.645,1690612,794715856.0
2018-11-29,3.78,3.673,3.805,3.662,1685834,797535136.0
2018-11-30,3.666,3.696,3.702,3.618,2019171,937397840.0
2018-12-03,3.808,3.826,3.845,3.773,3952136,1902818912.0
2018-12-04,3.819,3.843,3.852,3.802,1714745,828269712.0
2018-12-05,3.785,3.815,3.851,3.77,2075419,996790896.0
2018-12-06,3.78,3.724,3.79,3.716,2026367,961068032.0
2018-12-07,3.728,3.725,3.748,3.719,784653,370372096.0
2018-12-10,3.704,3.674,3.714,3.666,1721519,803624192.0
2018-12-11,3.687,3.718,3.724,3.683,1146851,537675856.0
2018-12-12,3.732,3.708,3.744,3.706,1177219,554791520.0
2018-12-13,3.723,3.769,3.8,3.701,2104882,1001492432.0
2018-12-14,3.761,3.679,3.762,3.671,2166463,1016507312.0
2018-12-17,3.655,3.658,3.677,3.613,2225302,1028778144.0
2018-12-18,3.636,3.628,3.671,3.588,2429860,1116950144.0
2018-12-19,3.631,3.569,3.64,3.567,2091661,955812128.0
2018-12-20,3.568,3.594,3.604,3.556,1936707,880929536.0
2018-12-21,3.581,3.573,3.595,3.536,1767440,799860928.0
2018-12-24,3.566,3.607,3.614,3.549,1766464,805832976.0
2018-12-25,3.567,3.555,3.588,3.464,2604580,1167714464.0
2018-12-26,3.549,3.541,3.579,3.52,1350330,608534032.0
2018-12-27,3.6,3.492,3.601,3.483,1608230,725717552.0
2018-12-28,3.501,3.497,3.534,3.484,1893485,844037440.0
2019-01-02,3.505,3.46,3.507,3.458,1669235,739384416.0
2019-01-03,3.466,3.451,3.524,3.446,1839145,813200192.0
2019-01-04,3.425,3.556,3.558,3.42,2545762,1133576576.0
2019-01-07,3.57,3.624,3.635,3.55,2393274,1092799568.0
2019-01-08,3.617,3.615,3.625,3.595,1289221,590580320.0
2019-01-09,3.627,3.612,3.688,3.61,3763302,1741683216.0
2019-01-10,3.611,3.619,3.655,3.605,1720694,791503936.0
2019-01-11,3.618,3.64,3.652,3.594,1764025,811536432.0
2019-01-14,3.641,3.619,3.654,3.608,1059944,487235984.0
2019-01-15,3.618,3.675,3.685,3.601,2339333,1081939920.0
2019-01-16,3.675,3.668,3.697,3.654,1576908,734175584.0
2019-01-17,3.67,3.636,3.679,3.631,1494421,691638576.0
2019-01-18,3.64,3.679,3.686,3.624,2232739,1035734384.0
2019-01-21,3.685,3.693,3.726,3.677,2156890,1010588208.0
2019-01-22,3.687,3.634,3.688,3.615,1832426,847877648.0
2019-01-23,3.623,3.638,3.652,3.617,1182889,544922976.0
2019-01-24,3.639,3.666,3.697,3.617,1870587,867896112.0
2019-01-25,3.664,3.646,3.692,3.644,1594829,741348736.0
2019-01-28,3.671,3.632,3.703,3.624,2033991,944875040.0
2019-01-29,3.626,3.579,3.626,3.523,2781116,1262616576.0
2019-01-30,3.559,3.55,3.603,3.549,1811349,822930080.0
2019-01-31,3.551,3.525,3.582,3.491,3181749,1432654208.0
2019-02-01,3.536,3.643,3.644,3.536,3716726,1696411824.0
2019-02-11,3.645,3.73,3.733,3.643,2885534,1347580192.0
2019-02-12,3.729,3.752,3.776,3.723,2683209,1272235296.0
2019-02-13,3.754,3.828,3.846,3.742,3147949,1510522608.0
2019-02-14,3.827,3.845,3.874,3.81,1969939,952942144.0
2019-02-15,3.831,3.816,3.859,3.807,2287034,1106490496.0
2019-02-18,3.837,3.982,3.985,3.837,3267174,1614673840.0
2019-02-19,3.985,3.962,4.021,3.916,3262646,1629418912.0
2019-02-20,3.968,3.954,3.975,3.92,2237355,1112716384.0
2019-02-21,3.958,3.958,4.054,3.94,3095152,1550593328.0
2019-02-22,3.96,4.095,4.099,3.949,2301958,1159824272.0
2019-02-25,4.167,4.395,4.399,4.13,5959892,3162293088.0
2019-02-26,4.387,4.331,4.425,4.283,4551920,2471410064.0
2019-02-27,4.325,4.293,4.366,4.24,3756738,2024908976.0
2019-02-28,4.292,4.298,4.342,4.267,2457798,1320145808.0
2019-03-01,4.318,4.353,4.36,4.256,3314269,1780060112.0
2019-03-04,4.369,4.418,4.516,4.369,3779003,2088974528.0
2019-03-05,4.409,4.558,4.562,4.397,3142585,1750325760.0
2019-03-06,4.576,4.655,4.675,4.507,5901644,3360250896.0
2019-03-07,4.656,4.696,4.767,4.457,4999214,2896313680.0
2019-03-08,4.545,4.528,4.717,4.518,5874094,3361860064.0
2019-03-11,4.537,4.708,4.711,4.537,4616364,2651739040.0
2019-03-12,4.739,4.791,4.828,4.707,4356961,2573647184.0
2019-03-13,4.784,4.669,4.786,4.635,5163459,3027626864.0
2019-03-14,4.622,4.551,4.673,4.509,3261089,1853459904.0
2019-03-15,4.575,4.605,4.676,4.56,3369459,1928736832.0
2019-03-18,4.624,4.765,4.767,4.588,2997440,1737962128.0
2019-03-19,4.768,4.755,4.795,4.725,1943708,1145243408.0
2019-03-20,4.747,4.756,4.768,4.656,2628088,1538348192.0
2019-03-21,4.758,4.813,4.88,4.756,3038769,1817155632.0
2019-03-22,4.819,4.869,4.871,4.745,2830935,1687539872.0
2019-03-25,4.77,4.793,4.858,4.77,2658882,1585965840.0
2019-03-26,4.815,4.637,4.823,4.622,4013971,2342657392.0
2019-03-27,4.67,4.699,4.704,4.601,2729907,1578589424.0
2019-03-28,4.678,4.628,4.732,4.623,2092290,1213920576.0
2019-03-29,4.629,4.799,4.806,4.609,4613345,2696164960.0
2019-04-01,4.835,5.004,5.007,4.835,3073622,1880033680.0
2019-04-02,5.068,5.0,5.069,4.972,3069028,1903048560.0
2019-04-03,4.972,5.062,5.086,4.966,2466711,1529638192.0
2019-04-04,5.093,5.112,5.122,5.035,2414184,1513291680.0
2019-04-08,5.151,5.05,5.162,4.986,3317757,2075225904.0
2019-04-09,5.042,5.074,5.092,5.02,2408957,1502650720.0
2019-04-10,5.05,5.061,5.133,4.996,2373630,1478512352.0
2019-04-11,5.06,4.968,5.08,4.963,2373490,1468754512.0
2019-04-12,4.963,4.954,4.982,4.909,1931519,1180969872.0
2019-04-15,5.022,4.883,5.047,4.876,2893085,1779171200.0
2019-04-16,4.857,5.008,5.014,4.823,3206750,1945331712.0
2019-04-17,5.009,5.018,5.062,4.974,2354938,1457286480.0
2019-04-18,5.017,5.0,5.041,4.982,1430483,885323152.0
2019-04-19,4.992,5.046,5.048,4.934,1975161,1216562352.0
2019-04-22,5.046,4.957,5.046,4.939,1694620,1043518368.0
2019-04-23,4.944,4.856,4.953,4.848,1834968,1109542160.0
2019-04-24,4.862,4.908,4.924,4.809,2889966,1739245008.0
2019-04-25,4.882,4.719,4.896,4.715,2556666,1522488256.0
2019-04-26,4.717,4.672,4.746,4.67,2765718,1613266112.0
2019-04-29,4.675,4.547,4.684,4.522,5031659,2871535888.0
2019-04-30,4.532,4.563,4.615,4.518,3239361,1838905552.0
2019-05-06,4.37,4.198,4.413,4.161,6545422,3505012112.0
2019-05-07,4.245,4.238,4.273,4.178,3980924,2104976160.0
2019-05-08,4.16,4.218,4.315,4.143,3015325,1596197920.0
2019-05-09,4.195,4.185,4.24,4.168,3083821,1622388576.0
2019-05-10,4.236,4.34,4.352,4.128,4719726,2521088000.0
2019-05-13,4.265,4.271,4.306,4.25,3063996,1638262432.0
2019-05-14,4.243,4.252,4.295,4.238,2044045,1090254384.0
2019-05-15,4.28,4.345,4.367,4.278,2212331,1191793792.0
2019-05-16,4.342,4.388,4.397,4.326,4605871,2511919808.0
2019-05-17,4.39,4.238,4.4,4.211,2231985,1199093424.0
2019-05-20,4.217,4.203,4.246,4.133,2520385,1318052032.0
2019-05-21,4.205,4.28,4.318,4.203,2771848,1479010464.0
2019-05-22,4.278,4.265,4.292,4.221,1867644,995247104.0
2019-05-23,4.247,4.175,4.253,4.162,2016006,1059519360.0
2019-05-24,4.172,4.15,4.191,4.136,2505343,1305295520.0
2019-05-27,4.154,4.249,4.273,4.133,3475847,1830551968.0
2019-05-28,4.252,4.239,4.288,4.228,2511805,1337237472.0
2019-05-29,4.23,4.241,4.282,4.215,2883522,1531057888.0
2019-05-30,4.221,4.227,4.231,4.164,1698992,892472704.0
2019-05-31,4.213,4.204,4.271,4.196,1781330,941894432.0
2019-06-03,4.223,4.168,4.247,4.15,1933545,1013172096.0
2019-06-04,4.16,4.107,4.165,4.085,2805703,1450049408.0
2019-06-05,4.143,4.092,4.152,4.089,2027018,1046856336.0
2019-06-06,4.092,3.991,4.092,3.989,2754410,1394508560.0
2019-06-10,4.004,4.037,4.074,3.985,2524702,1279522976.0
2019-06-11,4.038,4.221,4.222,4.037,3302044,1719461104.0
2019-06-12,4.208,4.172,4.222,4.161,2319751,1216414704.0
2019-06-13,4.161,4.187,4.208,4.147,1756634,918711312.0
2019-06-14,4.187,4.118,4.202,4.107,1997274,1040010128.0
2019-06-17,4.115,4.116,4.14,4.094,1805929,931812816.0
2019-06-18,4.118,4.106,4.136,4.081,1854096,954878848.0
2019-06-19,4.225,4.163,4.251,4.161,5925268,3118894112.0
2019-06-20,4.16,4.258,4.293,4.147,5303991,2807207104.0
2019-06-21,4.344,4.319,4.352,4.296,6065182,3275796736.0
2019-06-24,4.323,4.318,4.331,4.287,2727519,1468726400.0
2019-06-25,4.313,4.271,4.314,4.209,3534118,1879332880.0
2019-06-26,4.238,4.271,4.298,4.233,1818248,970601760.0
2019-06-27,4.275,4.311,4.34,4.275,2558157,1376976752.0
2019-06-28,4.3,4.266,4.304,4.235,2509671,1336927424.0
2019-07-01,4.359,4.395,4.408,4.321,3853534,2101977712.0
2019-07-02,4.384,4.378,4.395,4.363,2902432,1585141696.0
2019-07-03,4.367,4.351,4.367,4.335,2267577,1230211088.0
2019-07-04,4.353,4.331,4.378,4.305,1820811,986123216.0
2019-07-05,4.326,4.354,4.367,4.31,1579212,855241632.0
2019-07-08,4.33,4.187,4.334,4.176,3002781,1588285248.0
2019-07-09,4.186,4.192,4.208,4.162,1922166,1007015680.0
2019-07-10,4.2,4.166,4.216,4.155,1815378,949664016.0
2019-07-11,4.18,4.168,4.229,4.14,1971180,1033479024.0
2019-07-12,4.159,4.188,4.199,4.151,1519530,795294528.0
2019-07-15,4.183,4.239,4.278,4.108,3752324,1976652640.0
2019-07-16,4.228,4.25,4.257,4.224,1578106,837684240.0
2019-07-17,4.245,4.242,4.272,4.231,1388576,738412176.0
2019-07-18,4.226,4.176,4.228,4.175,1541244,809399136.0
2019-07-19,4.188,4.204,4.247,4.187,2403115,1265864896.0
2019-07-22,4.202,4.117,4.215,4.101,2498028,1295483456.0
2019-07-23,4.117,4.15,4.159,4.116,1587356,823326464.0
2019-07-24,4.165,4.193,4.23,4.165,2303979,1211706176.0
2019-07-25,4.188,4.215,4.225,4.185,1717078,902789808.0
2019-07-26,4.203,4.225,4.232,4.188,1605049,845003504.0
2019-07-29,4.223,4.221,4.243,4.195,1351477,712548128.0
2019-07-30,4.222,4.248,4.29,4.22,1776255,945798384.0
2019-07-31,4.238,4.236,4.254,4.222,1817911,963019584.0
2019-08-01,4.218,4.204,4.232,4.184,1812652,954025824.0
2019-08-02,4.11,4.142,4.147,4.099,2821485,1458610656.0
2019-08-05,4.121,4.093,4.166,4.091,2844718,1470251520.0
2019-08-06,4.021,3.988,4.033,3.912,5295421,2651488240.0
2019-08-07,4.009,3.968,4.016,3.966,2174898,1090906880.0
2019-08-08,3.985,3.993,4.005,3.975,2093797,1049932992.0
2019-08-09,4.008,3.952,4.024,3.946,2236319,1119410192.0
2019-08-12,3.959,4.03,4.033,3.941,1871481,936564304.0
2019-08-13,3.99,4.002,4.007,3.975,1400695,702798288.0
2019-08-14,4.045,4.022,4.075,4.019,2161111,1098035264.0
2019-08-15,3.939,4.043,4.055,3.935,2559558,1283948400.0
2019-08-16,4.037,4.056,4.092,4.037,2364714,1205506208.0
2019-08-19,4.092,4.22,4.223,4.092,2671227,1392727952.0
2019-08-20,4.22,4.201,4.25,4.195,1999111,1055182320.0
2019-08-21,4.2,4.209,4.222,4.187,1470568,773353152.0
2019-08-22,4.215,4.214,4.222,4.186,2135044,1122454368.0
2019-08-23,4.213,4.216,4.235,4.192,1478182,779303776.0
2019-08-26,4.159,4.184,4.197,4.13,2156125,1126083136.0
2019-08-27,4.202,4.252,4.311,4.202,2620115,1395881776.0
2019-08-28,4.251,4.25,4.27,4.233,1420285,754828016.0
2019-08-29,4.257,4.264,4.282,4.236,1716677,913860352.0
2019-08-30,4.289,4.225,4.307,4.202,1659045,881869552.0
2019-09-02,4.224,4.333,4.353,4.219,2217972,1191700560.0
2019-09-03,4.334,4.359,4.36,4.32,1819581,986310576.0
2019-09-04,4.355,4.429,4.434,4.345,2451989,1340109104.0
2019-09-05,4.448,4.46,4.526,4.443,4071255,2272430000.0
2019-09-06,4.467,4.474,4.49,4.436,1819527,1011919904.0
2019-09-09,4.506,4.567,4.568,4.479,2592464,1456249616.0
2019-09-10,4.564,4.562,4.574,4.518,2195854,1241325136.0
2019-09-11,4.567,4.542,4.589,4.518,1880013,1063332976.0
2019-09-12,4.544,4.555,4.578,4.516,1771876,1002186544.0
2019-09-16,4.579,4.557,4.589,4.537,2025311,1148836976.0
2019-09-17,4.544,4.454,4.544,4.443,2153738,1202158752.0
2019-09-18,4.455,4.457,4.477,4.445,1579992,877744928.0
2019-09-19,4.458,4.501,4.505,4.44,1656647,921874336.0
2019-09-20,4.505,4.509,4.527,4.491,1980023,1110871184.0
2019-09-23,4.501,4.489,4.501,4.443,2105836,1169452608.0
2019-09-24,4.482,4.491,4.555,4.479,2385042,1339153072.0
2019-09-25,4.466,4.414,4.469,4.41,1973008,1089520864.0
2019-09-26,4.422,4.305,4.427,4.302,3014711,1639038912.0
2019-09-27,4.312,4.326,4.353,4.311,1701923,920008160.0
2019-09-30,4.326,4.26,4.343,4.24,1619835,868654000.0
2019-10-08,4.275,4.271,4.324,4.268,1658718,889927808.0
2019-10-09,4.262,4.312,4.318,4.238,1802343,963839712.0
2019-10-10,4.309,4.363,4.374,4.299,1915681,1036889856.0
2019-10-11,4.371,4.388,4.401,4.332,2291427,1246829680.0
2019-10-14,4.409,4.442,4.473,4.408,2135990,1181865952.0
2019-10-15,4.426,4.383,4.428,4.376,1251323,685564016.0
2019-10-16,4.391,4.355,4.413,4.353,1321251,722122400.0
2019-10-17,4.353,4.356,4.376,4.345,1097103,596888896.0
2019-10-18,4.357,4.291,4.382,4.279,1684938,911632384.0
2019-10-21,4.287,4.282,4.287,4.238,1584397,844145264.0
2019-10-22,4.287,4.326,4.341,4.281,1764355,947909680.0
2019-10-23,4.331,4.298,4.335,4.279,1191011,640605600.0
2019-10-24,4.295,4.289,4.302,4.257,1782781,953977632.0
2019-10-25,4.29,4.328,4.333,4.246,2113730,1133281872.0
2019-10-28,4.371,4.393,4.395,4.347,3161634,1725801648.0
2019-10-29,4.394,4.334,4.394,4.331,1684808,915676256.0
2019-10-30,4.319,4.276,4.32,4.271,1887917,1010958144.0
2019-10-31,4.279,4.251,4.294,4.244,1400701,747889568.0
2019-11-01,4.245,4.296,4.301,4.23,2011202,1074554480.0
2019-11-04,4.293,4.309,4.338,4.292,2041978,1100799808.0
2019-11-05,4.311,4.344,4.373,4.296,2342517,1267801936.0
2019-11-06,4.339,4.303,4.351,4.278,2087927,1124883568.0
2019-11-07,4.295,4.333,4.352,4.291,1816963,981280256.0
2019-11-08,4.365,4.316,4.381,4.312,2222677,1207253776.0
2019-11-11,4.291,4.208,4.292,4.203,2462020,1307602208.0
2019-11-12,4.21,4.21,4.223,4.16,2070238,1086820864.0
2019-11-13,4.209,4.21,4.216,4.183,1394740,733008256.0
2019-11-14,4.202,4.237,4.25,4.202,1604826,848681152.0
2019-11-15,4.237,4.209,4.269,4.205,1423942,753253680.0
2019-11-18,4.203,4.226,4.241,4.193,1348637,711802944.0
2019-11-19,4.226,4.3,4.305,4.221,2111232,1127611152.0
2019-11-20,4.302,4.271,4.315,4.268,2351097,1261321824.0
2019-11-21,4.26,4.278,4.298,4.247,1242764,663265600.0
2019-11-22,4.278,4.23,4.349,4.209,2627206,1405360160.0
2019-11-25,4.227,4.233,4.247,4.19,1773135,935840176.0
2019-11-26,4.238,4.217,4.255,4.209,1853338,979829872.0
2019-11-27,4.205,4.238,4.271,4.203,1795078,951970320.0
2019-11-28,4.233,4.23,4.253,4.215,1441384,762966160.0
2019-11-29,4.228,4.23,4.248,4.184,2545989,1344784032.0
2019-12-02,4.239,4.244,4.268,4.221,1727024,916465312.0
2019-12-03,4.221,4.264,4.265,4.205,1930684,1021347824.0
2019-12-04,4.241,4.255,4.267,4.234,1467748,779764112.0
2019-12-05,4.265,4.298,4.313,4.258,2189918,1173089808.0
2019-12-06,4.299,4.344,4.346,4.286,1887821,1016823712.0
2019-12-09,4.347,4.354,4.368,4.333,1971447,1069795872.0
2019-12-10,4.345,4.376,4.386,4.33,1727330,938605776.0
2019-12-11,4.373,4.358,4.377,4.336,1307427,710505568.0
2019-12-12,4.357,4.348,4.379,4.342,1661556,903532224.0
2019-12-13,4.387,4.413,4.425,4.366,2933508,1605467904.0
2019-12-16,4.414,4.489,4.498,4.41,2728092,1511391536.0
2019-12-17,4.489,4.566,4.588,4.483,2798609,1581801152.0
2019-12-18,4.556,4.561,4.596,4.548,2065438,1174343408.0
2019-12-19,4.561,4.574,4.586,4.546,1629712,924094368.0
2019-12-20,4.574,4.525,4.588,4.516,2492639,1409859952.0
2019-12-23,4.506,4.412,4.518,4.408,2803112,1559217824.0
2019-12-24,4.421,4.484,4.491,4.418,2007035,1113431552.0
2019-12-25,4.477,4.506,4.515,4.474,2160385,1208524032.0
2019-12-26,4.5,4.543,4.546,4.49,1860776,1044979728.0
2019-12-27,4.548,4.504,4.578,4.502,1723509,974018656.0
2019-12-30,4.494,4.572,4.576,4.457,2117615,1194030576.0
2019-12-31,4.562,4.592,4.598,4.549,1716814,976168592.0
2020-01-02,4.638,4.686,4.7,4.608,2355809,1364273248.0
2020-01-03,4.686,4.696,4.715,4.675,1544941,899177184.0
2020-01-06,4.682,4.753,4.804,4.67,2222496,1307521808.0
2020-01-07,4.752,4.82,4.821,4.752,2126563,1260248672.0
2020-01-08,4.787,4.747,4.816,4.732,2525137,1493383824.0
2020-01-09,4.787,4.812,4.813,4.768,2345136,1392247760.0
2020-01-10,4.823,4.79,4.832,4.763,2034242,1206982368.0
2020-01-13,4.793,4.876,4.88,4.755,2035442,1214042240.0
2020-01-14,4.881,4.854,4.897,4.849,1880568,1133293952.0
2020-01-15,4.847,4.838,4.856,4.802,1757654,1051323136.0
2020-01-16,4.841,4.845,4.862,4.824,1946918,1166818464.0
2020-01-17,4.851,4.815,4.866,4.801,2598360,1555189616.0
2020-01-20,4.823,4.903,4.904,4.807,1695534,1019522736.0
2020-01-21,4.884,4.841,4.888,4.818,2949045,1769694736.0
2020-01-22,4.814,4.881,4.914,4.749,2731955,1629372736.0
2020-01-23,4.829,4.684,4.861,4.643,4130191,2437769712.0
2020-02-03,4.278,4.272,4.311,4.238,6585799,3514496256.0
2020-02-04,4.272,4.351,4.367,4.224,5387835,2888335984.0
2020-02-05,4.353,4.453,4.5,4.343,3153532,1740890480.0
2020-02-06,4.465,4.597,4.621,4.419,2942720,1663316608.0
2020-02-07,4.592,4.645,4.648,4.556,2257387,1290381152.0
2020-02-10,4.628,4.694,4.696,4.606,2794289,1613834080.0
2020-02-11,4.692,4.671,4.707,4.641,2076757,1203818560.0
2020-02-12,4.663,4.774,4.775,4.653,1923135,1125374752.0
2020-02-13,4.766,4.728,4.784,4.714,2053852,1207034640.0
2020-02-14,4.71,4.734,4.784,4.694,2122845,1247143632.0
2020-02-17,4.757,4.908,4.911,4.757,3927560,2350608368.0
2020-02-18,4.911,4.951,4.954,4.875,4065521,2472829232.0
2020-02-19,4.949,4.908,4.967,4.898,2725918,1661627536.0
2020-02-20,4.91,5.007,5.02,4.885,2697016,1650190832.0
2020-02-21,4.993,5.093,5.122,4.991,3002605,1873835184.0
2020-02-24,5.073,5.144,5.169,5.04,3061517,1929619664.0
2020-02-25,5.056,5.18,5.194,4.949,3098407,1942785472.0
2020-02-26,5.11,5.039,5.16,5.025,2850427,1794776128.0
2020-02-27,5.046,5.037,5.109,4.994,2554708,1592163920.0
2020-02-28,4.903,4.767,4.939,4.76,5454975,3263750656.0
2020-03-02,4.81,4.956,4.983,4.81,3818570,2318785968.0
2020-03-03,5.041,4.993,5.112,4.945,3848212,2394565856.0
2020-03-04,4.956,5.01,5.015,4.903,1854033,1135715328.0
2020-03-05,5.085,5.079,5.096,5.023,1427316,891089936.0
2020-03-06,5.016,5.048,5.096,5.015,1279350,798692208.0
2020-03-09,4.963,4.847,4.989,4.841,1836934,1113141856.0
2020-03-10,4.797,4.963,4.967,4.739,3218575,1937136160.0
2020-03-11,4.978,4.884,4.994,4.883,3206789,1962834816.0
2020-03-12,4.821,4.816,4.86,4.764,1624254,966955104.0
2020-03-13,4.589,4.779,4.821,4.553,3606060,2095119616.0
2020-03-16,4.787,4.528,4.788,4.513,2691513,1555769824.0
2020-03-17,4.587,4.538,4.647,4.397,3675794,2061951664.0
2020-03-18,4.56,4.463,4.649,4.45,2749654,1559854848.0
2020-03-19,4.465,4.507,4.518,4.349,3665540,2028128816.0
2020-03-20,4.532,4.543,4.551,4.461,2189061,1229620288.0
2020-03-23,4.413,4.346,4.458,4.321,3550277,1942301568.0
2020-03-24,4.428,4.413,4.453,4.304,3121371,1709773488.0
2020-03-25,4.51,4.529,4.546,4.477,2781124,1561302528.0
2020-03-26,4.5,4.482,4.54,4.48,1817386,1018544992.0
2020-03-27,4.535,4.461,4.548,4.457,1481027,830497872.0
2020-03-30,4.413,4.367,4.413,4.316,2734372,1487838720.0
2020-03-31,4.408,4.367,4.417,4.358,2196479,1201437440.0
2020-04-01,4.356,4.35,4.438,4.346,1807071,989224816.0
2020-04-02,4.34,4.491,4.494,4.333,2387595,1310764272.0
2020-04-03,4.46,4.432,4.479,4.41,2008259,1111978432.0
2020-04-07,4.517,4.575,4.59,4.516,2324622,1317190160.0
2020-04-08,4.557,4.59,4.608,4.548,1548707,880702256.0
2020-04-09,4.613,4.636,4.653,4.606,1505885,865392160.0
2020-04-10,4.631,4.546,4.631,4.522,2381165,1352123776.0
2020-04-13,4.51,4.495,4.523,4.472,1793639,1003718064.0
2020-04-14,4.516,4.6,4.606,4.515,1690095,958503968.0
2020-04-15,4.601,4.59,4.635,4.585,1594375,913076512.0
2020-04-16,4.574,4.629,4.652,4.566,1609135,920836624.0
2020-04-17,4.659,4.635,4.696,4.62,2199374,1273829904.0
2020-04-20,4.635,4.69,4.691,4.628,1562339,904599456.0
2020-04-21,4.668,4.657,4.668,4.599,2327967,1339252608.0
2020-04-22,4.614,4.704,4.709,4.612,1772944,1023852896.0
2020-04-23,4.705,4.678,4.715,4.67,1038521,604044352.0
2020-04-24,4.659,4.603,4.675,4.586,1854293,1063652960.0
2020-04-27,4.602,4.586,4.632,4.576,1449759,828822944.0
2020-04-28,4.586,4.547,4.587,4.44,2485506,1397520688.0
2020-04-29,4.544,4.557,4.587,4.532,1519139,861679840.0
2020-04-30,4.577,4.681,4.695,4.577,2243237,1296370736.0
2020-05-06,4.649,4.759,4.773,4.636,2184849,1276805840.0
2020-05-07,4.759,4.753,4.777,4.732,2192708,1292809712.0
2020-05-08,4.781,4.819,4.842,4.773,2014981,1199908784.0
2020-05-11,4.822,4.799,4.862,4.777,2425209,1443541552.0
2020-05-12,4.793,4.812,4.82,4.759,2965807,1762368400.0
2020-05-13,4.805,4.839,4.848,4.784,1816368,1082256576.0
2020-05-14,4.822,4.812,4.838,4.8,1052885,627387120.0
2020-05-15,4.813,4.821,4.861,4.806,2060949,1232788480.0
2020-05-18,4.827,4.794,4.842,4.776,1363337,812392048.0
2020-05-19,4.823,4.853,4.856,4.817,1113590,667168960.0
2020-05-20,4.846,4.812,4.853,4.795,1674730,1001109312.0
2020-05-21,4.815,4.75,4.828,4.743,1289927,764079136.0
2020-05-22,4.731,4.662,4.749,4.645,2175813,1265098960.0
2020-05-25,4.659,4.641,4.676,4.625,1409516,813513248.0
2020-05-26,4.67,4.735,4.74,4.66,2113952,1235166128.0
2020-05-27,4.739,4.703,4.74,4.682,2308307,1349046064.0
2020-05-28,4.698,4.689,4.724,4.631,1472580,853939584.0
2020-05-29,4.668,4.731,4.737,4.667,1443810,844224304.0
2020-06-01,4.763,4.903,4.905,4.763,1849664,1112886816.0
2020-06-02,4.919,4.897,4.924,4.869,1096533,663192016.0
2020-06-03,4.911,4.889,4.936,4.886,1566341,950843616.0
2020-06-04,4.904,4.898,4.913,4.869,1355713,820577680.0
2020-06-05,4.898,4.911,4.915,4.869,858368,519510112.0
2020-06-08,4.932,4.899,4.954,4.89,1052385,639725344.0
2020-06-09,4.9,4.931,4.945,4.886,1166062,709228880.0
2020-06-10,4.931,4.938,4.941,4.904,1024574,623669248.0
2020-06-11,4.938,4.928,5.007,4.893,1432500,875566640.0
2020-06-12,4.841,4.929,4.96,4.835,1912418,1159598160.0
2020-06-15,4.924,4.923,4.987,4.917,2355230,1441441584.0
2020-06-16,4.96,5.019,5.021,4.96,1434564,884799088.0
2020-06-17,5.032,5.062,5.072,5.016,1669329,1037742864.0
2020-06-18,5.062,5.076,5.083,5.043,1811718,1131866400.0
2020-06-19,5.076,5.117,5.138,5.069,2073458,1305633072.0
2020-06-22,5.114,5.113,5.154,5.106,2032390,1284381648.0
2020-06-23,5.113,5.138,5.141,5.086,1990145,1255652304.0
2020-06-24,5.138,5.138,5.157,5.111,1353118,855357840.0
2020-06-29,5.133,5.114,5.133,5.086,1640613,1033405088.0
2020-06-30,5.123,5.195,5.223,5.123,2285224,1459730000.0
2020-07-01,5.211,5.22,5.224,5.162,2259112,1447028704.0
2020-07-02,5.218,5.32,5.333,5.201,2327244,1510582608.0
2020-07-03,5.324,5.396,5.399,5.307,3062998,2015783584.0
2020-07-06,5.439,5.671,5.714,5.439,5460280,3737277488.0
2020-07-07,5.733,5.731,5.832,5.657,4461696,3138788320.0
2020-07-08,5.717,5.853,5.872,5.696,2622898,1855994992.0
2020-07-09,5.847,6.02,6.032,5.836,2590714,1881929216.0
2020-07-10,5.988,6.011,6.075,5.968,2595323,1906840640.0
2020-07-13,6.017,6.214,6.217,6.017,2224808,1664028080.0
2020-07-14,6.21,6.127,6.21,5.997,3332740,2482453360.0
2020-07-15,6.126,5.99,6.169,5.93,3575152,2629471632.0
2020-07-16,5.981,5.672,6.051,5.643,3916181,2803376720.0
2020-07-17,5.672,5.676,5.777,5.626,3148469,2192963472.0
2020-07-20,5.74,5.854,5.859,5.679,3695764,2607215328.0
2020-07-21,5.869,5.889,5.922,5.835,1967811,1412182080.0
2020-07-22,5.882,5.95,6.041,5.86,2271224,1652651744.0
2020-07-23,5.897,5.943,5.965,5.767,2302647,1654684320.0
2020-07-24,5.924,5.643,5.931,5.619,2990992,2113165760.0
2020-07-27,5.653,5.64,5.691,5.584,2112835,1461561200.0
2020-07-28,5.683,5.702,5.73,5.649,2048114,1426108272.0
2020-07-29,5.667,5.874,5.883,5.661,2143425,1517267344.0
2020-07-30,5.878,5.853,5.909,5.834,2100459,1504661424.0
2020-07-31,5.851,5.918,5.967,5.797,2724781,1964297120.0
2020-08-03,5.956,6.07,6.071,5.94,2364610,1735424624.0
2020-08-04,6.073,6.032,6.087,6.003,1774699,1308986816.0
2020-08-05,6.032,6.093,6.114,5.979,1666673,1229841968.0
2020-08-06,6.094,6.109,6.124,5.989,1396510,1033603696.0
2020-08-07,6.09,6.028,6.094,5.921,1447521,1061566896.0
2020-08-10,5.993,6.059,6.104,5.976,1218002,896082496.0
2020-08-11,6.042,5.942,6.094,5.929,1164144,856207680.0
2020-08-12,5.915,5.862,5.932,5.748,2036215,1449372352.0
2020-08-13,5.879,5.891,5.923,5.853,1529414,1100033632.0
2020-08-14,5.892,5.98,5.984,5.856,2378647,1721408224.0
2020-08-17,5.978,6.071,6.082,5.95,2317843,1705692752.0
2020-08-18,6.068,6.117,6.144,6.067,1756017,1307371056.0
2020-08-19,6.116,6.007,6.117,6.003,1443871,1066404128.0
2020-08-20,6.011,5.944,6.015,5.923,1570903,1142722448.0
2020-08-21,5.955,5.983,6.032,5.934,1426542,1043092800.0
2020-08-24,6.003,6.017,6.033,5.927,1487080,1088905632.0
2020-08-25,6.029,5.984,6.075,5.97,1369881,1003981920.0
2020-08-26,5.977,5.877,5.999,5.846,1993635,1438663104.0
2020-08-27,5.877,5.933,5.936,5.843,1645009,1183726304.0
2020-08-28,5.922,6.039,6.047,5.89,2766579,2020957856.0
2020-08-31,6.06,6.007,6.107,6.004,2331021,1722977552.0
2020-09-01,5.993,6.052,6.054,5.985,1467228,1076599888.0
2020-09-02,6.056,6.048,6.076,5.98,2963614,2179588400.0
2020-09-03,6.045,6.013,6.074,5.991,1385375,1019448128.0
2020-09-04,5.942,5.97,5.984,5.903,1821954,1318613072.0
2020-09-07,5.953,5.837,6.018,5.811,2128803,1538526944.0
2020-09-08,5.844,5.876,5.901,5.797,1665667,1188749984.0
2020-09-09,5.812,5.72,5.832,5.68,2181447,1535280896.0
2020-09-10,5.751,5.615,5.768,5.585,2778072,1931492480.0
2020-09-11,5.58,5.666,5.679,5.573,2250177,1552965328.0
2020-09-14,5.702,5.712,5.729,5.653,2377336,1657352544.0
2020-09-15,5.698,5.736,5.749,5.685,1398307,977202064.0
2020-09-16,5.737,5.717,5.737,5.688,1264202,883850992.0
2020-09-17,5.696,5.73,5.778,5.659,1866411,1304144544.0
2020-09-18,5.722,5.841,5.844,5.714,2046933,1447599136.0
2020-09-21,5.836,5.797,5.864,5.786,2752739,1956675120.0
2020-09-22,5.762,5.72,5.828,5.694,1877292,1322935296.0
2020-09-23,5.723,5.75,5.768,5.714,1239950,870583872.0
2020-09-24,5.709,5.631,5.718,5.607,2625114,1815568816.0
2020-09-25,5.632,5.612,5.656,5.581,1793430,1233346000.0
2020-09-28,5.626,5.557,5.635,5.542,1632284,1115266208.0
2020-09-29,5.574,5.6,5.654,5.56,2285574,1571791936.0
2020-09-30,5.605,5.559,5.636,5.516,2315234,1581858320.0
2020-10-09,5.651,5.714,5.74,5.651,1943606,1358413824.0
2020-10-12,5.757,5.901,5.904,5.756,1723050,1230501424.0
2020-10-13,5.884,5.902,5.911,5.838,1951272,1399063840.0
2020-10-14,5.894,5.874,5.897,5.859,1434718,1029655872.0
2020-10-15,5.866,5.827,5.888,5.825,1521886,1086076640.0
2020-10-16,5.837,5.793,5.843,5.747,1498340,1061850528.0
2020-10-19,5.827,5.733,5.853,5.709,2987907,2103726160.0
2020-10-20,5.719,5.784,5.79,5.695,1452437,1018458000.0
2020-10-21,5.775,5.733,5.791,5.69,1667242,1168546464.0
2020-10-22,5.714,5.695,5.722,5.636,1578667,1097041376.0
2020-10-23,5.681,5.595,5.739,5.584,1849189,1279311200.0
2020-10-26,5.59,5.59,5.619,5.506,1873749,1279165216.0
2020-10-27,5.56,5.588,5.605,5.55,1164666,796052368.0
2020-10-28,5.588,5.623,5.628,5.54,1312405,898423584.0
2020-10-29,5.564,5.632,5.664,5.552,1683061,1157715888.0
2020-10-30,5.631,5.495,5.669,5.488,2136616,1457014656.0
2020-11-02,5.5,5.516,5.547,5.487,1423140,962896624.0
2020-11-03,5.54,5.609,5.623,5.524,1501077,1027347216.0
2020-11-04,5.609,5.608,5.632,5.55,1951659,1337465856.0
2020-11-05,5.653,5.727,5.739,5.636,1771943,1233058624.0
2020-11-06,5.727,5.681,5.736,5.621,1718166,1191069840.0
2020-11-09,5.705,5.781,5.822,5.704,2570667,1817106000.0
2020-11-10,5.805,5.739,5.805,5.698,2402011,1687900720.0
2020-11-11,5.722,5.665,5.75,5.664,1013077,707111456.0
2020-11-12,5.669,5.685,5.716,5.661,1008467,701426512.0
2020-11-13,5.668,5.687,5.694,5.615,1488982,1030845296.0
2020-11-16,5.698,5.757,5.757,5.67,1337394,937395968.0
2020-11-17,5.751,5.715,5.753,5.683,1174559,820197344.0
2020-11-18,5.712,5.71,5.763,5.688,1607763,1126237968.0
2020-11-19,5.701,5.744,5.753,5.665,1258747,880651280.0
2020-11-20,5.722,5.796,5.808,5.722,1641626,1159224816.0
2020-11-23,5.798,5.842,5.895,5.771,2074251,1478258592.0
2020-11-24,5.84,5.84,5.862,5.829,1359848,971021888.0
2020-11-25,5.855,5.741,5.865,5.731,1220204,862522480.0
2020-11-26,5.74,5.722,5.748,5.677,1672075,1166919264.0
2020-11-27,5.724,5.748,5.75,5.654,1467894,1024254272.0
2020-11-30,5.749,5.702,5.784,5.684,2104188,1477980032.0
2020-12-01,5.694,5.8,5.821,5.688,1643335,1160475840.0
2020-12-02,5.802,5.805,5.82,5.763,2157235,1526854736.0
2020-12-03,5.804,5.826,5.843,5.763,1936932,1372137040.0
2020-12-04,5.81,5.849,5.852,5.777,1305096,927460480.0
2020-12-07,5.846,5.804,5.854,5.787,1867852,1326764448.0
2020-12-08,5.798,5.796,5.832,5.791,1345228,955468464.0
2020-12-09,5.801,5.7,5.81,5.694,2173417,1528511120.0
2020-12-10,5.669,5.71,5.739,5.658,1220833,851369888.0
2020-12-11,5.713,5.611,5.734,5.577,1817076,1252334272.0
2020-12-14,5.611,5.655,5.66,5.577,1201177,827205632.0
2020-12-15,5.642,5.661,5.671,5.624,1587525,1097402208.0
2020-12-16,5.661,5.639,5.67,5.617,909967,628507344.0
2020-12-17,5.635,5.712,5.721,5.597,2054670,1426146816.0
2020-12-18,5.705,5.691,5.727,5.66,1947078,1357418032.0
2020-12-21,5.688,5.788,5.804,5.685,1938413,1368300592.0
2020-12-22,5.784,5.669,5.784,5.653,2145609,1501835584.0
2020-12-23,5.67,5.702,5.741,5.646,1857667,1295439776.0
2020-12-24,5.699,5.625,5.701,5.611,1925713,1331335312.0
2020-12-25,5.605,5.681,5.694,5.601,2219405,1536050352.0
2020-12-28,5.672,5.644,5.695,5.624,2139928,1480109312.0
2020-12-29,5.647,5.618,5.696,5.605,2109532,1456831072.0
2020-12-30,5.612,5.667,5.7,5.597,1662173,1152642032.0
2020-12-31,5.687,5.76,5.77,5.676,2067035,1450135808.0
2021-01-04,5.777,5.865,5.897,5.75,3035862,2166750384.0
2021-01-05,5.854,5.92,5.934,5.834,2026001,1456005680.0
2021-01-06,5.922,5.913,5.97,5.864,1404208,1011810672.0
2021-01-07,5.901,5.939,5.958,5.867,1067883,770041136.0
2021-01-08,5.94,5.955,5.992,5.88,1351340,978921056.0
2021-01-11,5.948,5.857,5.958,5.818,1522740,1097831056.0
2021-01-12,5.839,5.934,5.94,5.837,1778100,1276902992.0
2021-01-13,5.933,5.894,5.939,5.86,1483180,1069436576.0
2021-01-14,5.881,5.849,5.916,5.81,1460246,1046389696.0
2021-01-15,5.843,5.826,5.853,5.756,2168354,1539131376.0
2021-01-18,5.804,5.901,5.92,5.8,1489552,1070863584.0
2021-01-19,5.901,5.867,5.923,5.853,1131514,813418672.0
2021-01-20,5.865,5.924,5.934,5.851,1017349,733517440.0
2021-01-21,5.932,6.013,6.037,5.932,1327385,971918016.0
2021-01-22,6.0,6.022,6.033,5.958,1653067,1207996592.0
2021-01-25,6.019,6.032,6.096,5.986,855144,630068768.0
2021-01-26,6.0,5.935,6.008,5.919,1137187,825442208.0
2021-01-27,5.922,5.95,5.954,5.885,1286105,930201808.0
2021-01-28,5.89,5.831,5.915,5.812,2376661,1698244320.0
2021-01-29,5.844,5.743,5.864,5.661,2775648,1961670720.0
2021-02-01,5.742,5.786,5.793,5.737,1044764,737297024.0
2021-02-02,5.788,5.845,5.848,5.76,2128659,1515037408.0
2021-02-03,5.845,5.808,5.873,5.807,1823170,1299407120.0
2021-02-04,5.784,5.741,5.805,5.663,3522828,2467159056.0
2021-02-05,5.739,5.649,5.775,5.644,1921557,1339515168.0
2021-02-08,5.652,5.722,5.75,5.626,2063418,1439539696.0
2021-02-09,5.718,5.846,5.86,5.718,2709694,1925031648.0
2021-02-10,5.853,5.916,5.931,5.813,3200107,2293422496.0
2021-02-18,6.037,6.01,6.072,5.949,1296603,950397872.0
2021-02-19,5.999,6.101,6.109,5.943,1877315,1377639328.0
2021-02-22,6.123,6.041,6.203,6.039,2075321,1551576352.0
2021-02-23,6.01,6.024,6.094,6.004,2332911,1718795040.0
2021-02-24,6.006,5.942,6.063,5.885,3450542,2511099472.0
2021-02-25,5.98,5.91,6.0,5.873,1718780,1242338560.0
2021-02-26,5.812,5.771,5.855,5.75,2449627,1734641680.0
2021-03-01,5.792,5.88,5.883,5.792,1822035,1301581216.0
2021-03-02,5.9,5.832,5.906,5.793,2770719,1977737072.0
2021-03-03,5.817,5.915,5.918,5.817,1568877,1126931504.0
2021-03-04,5.888,5.808,5.888,5.781,2812606,1999600496.0
2021-03-05,5.752,5.818,5.85,5.731,2768024,1961422256.0
2021-03-08,5.841,5.669,5.895,5.66,3019165,2124344112.0
2021-03-09,5.66,5.533,5.674,5.46,5123328,3495302720.0
2021-03-10,5.57,5.471,5.599,5.463,2454399,1659860976.0
2021-03-11,5.471,5.628,5.631,5.45,2423148,1649449760.0
2021-03-12,5.635,5.633,5.642,5.542,2201418,1509171376.0
2021-03-15,5.596,5.593,5.639,5.529,2174574,1487904624.0
2021-03-16,5.591,5.596,5.636,5.543,1877721,1286042592.0
2021-03-17,5.584,5.631,5.642,5.528,1653680,1133828496.0
2021-03-18,5.631,5.675,5.712,5.631,1614663,1120029808.0
2021-03-19,5.617,5.626,5.668,5.582,1525770,1050390624.0
2021-03-22,5.616,5.703,5.715,5.616,1751034,1218235536.0
2021-03-23,5.704,5.633,5.716,5.601,2012770,1391229120.0
2021-03-24,5.591,5.568,5.645,5.553,2166433,1481661904.0
2021-03-25,5.542,5.582,5.608,5.526,2139135,1460707360.0
2021-03-26,5.584,5.66,5.675,5.582,1947914,1344134080.0
2021-03-29,5.666,5.66,5.681,5.618,2549110,1763613680.0
2021-03-30,5.655,5.681,5.693,5.622,1500819,1040308784.0
2021-03-31,5.674,5.673,5.681,5.605,1878681,1297001808.0
2021-04-01,5.668,5.715,5.733,5.647,1341360,933391008.0
2021-04-02,5.722,5.729,5.745,5.695,1237229,866142432.0
2021-04-06,5.741,5.741,5.783,5.722,1420583,998068496.0
2021-04-07,5.746,5.75,5.753,5.689,1577805,1103514432.0
2021-04-08,5.744,5.769,5.788,5.711,1551707,1090673504.0
2021-04-09,5.755,5.748,5.773,5.721,886793,622950144.0
2021-04-12,5.736,5.648,5.748,5.623,2586475,1790888368.0
2021-04-13,5.634,5.629,5.673,5.615,1642383,1134006400.0
2021-04-14,5.628,5.684,5.705,5.628,1652684,1147757584.0
2021-04-15,5.675,5.69,5.698,5.626,1645083,1140598416.0
2021-04-16,5.707,5.766,5.768,5.69,2505043,1756950000.0
2021-04-19,5.757,5.829,5.843,5.733,1764843,1254382176.0
2021-04-20,5.818,5.841,5.87,5.812,1533981,1096416496.0
2021-04-21,5.815,5.825,5.846,5.782,912021,648281248.0
2021-04-22,5.839,5.847,5.875,5.827,1717413,1227097984.0
2021-04-23,5.846,5.878,5.88,5.817,902586,645228896.0
2021-04-26,5.873,5.852,5.955,5.846,1575532,1134020480.0
2021-04-27,5.85,5.85,5.878,5.817,1312648,937523072.0
2021-04-28,5.848,5.895,5.901,5.811,997835,714677488.0
2021-04-29,5.894,5.897,5.908,5.86,1012606,728274272.0
2021-04-30,5.894,5.907,5.915,5.837,1115413,800672160.0
2021-05-06,5.902,5.887,5.958,5.851,1312625,946226640.0
2021-05-07,5.894,5.86,5.941,5.853,1961548,1412608112.0
2021-05-10,5.86,5.879,5.91,5.847,1140243,817974864.0
2021-05-11,5.851,5.861,5.886,5.766,1057190,752282720.0
2021-05-12,5.847,5.93,5.942,5.827,1058087,760413072.0
2021-05-13,5.894,5.86,5.913,5.845,1425188,1022265632.0
2021-05-14,5.869,5.957,5.96,5.844,2137629,1544777248.0
2021-05-17,5.957,5.99,6.027,5.949,1666054,1218312560.0
2021-05-18,5.99,6.007,6.019,5.978,1436336,1051170384.0
2021-05-19,5.999,5.997,6.004,5.958,890060,649989504.0
2021-05-20,5.994,5.973,6.002,5.923,966255,702869936.0
2021-05-21,5.972,5.949,5.993,5.933,941467,684282096.0
2021-05-24,5.947,5.967,5.992,5.91,938705,682052544.0
2021-05-25,5.966,6.035,6.056,5.951,1430926,1049854144.0
2021-05-26,6.039,6.045,6.054,6.026,2379804,1752284864.0
2021-05-27,6.039,6.098,6.101,6.03,2050011,1518529904.0
2021-05-28,6.1,6.095,6.131,6.065,1689170,1255373248.0
2021-05-31,6.098,6.141,6.144,6.08,1515914,1131529216.0
2021-06-01,6.135,6.151,6.157,6.072,2568562,1915299152.0
2021-06-02,6.148,6.111,6.161,6.089,1552095,1159681552.0
2021-06-03,6.105,6.098,6.163,6.09,1086163,810673920.0
2021-06-04,6.073,6.128,6.159,6.055,1028095,765367872.0
2021-06-07,6.141,6.146,6.154,6.106,1671511,1248390272.0
2021-06-08,6.142,6.122,6.185,6.086,1096606,817938608.0
2021-06-09,6.111,6.116,6.135,6.09,884139,658431360.0
2021-06-10,6.12,6.199,6.204,6.105,973626,731094432.0
2021-06-11,6.197,6.167,6.209,6.154,963346,724074704.0
2021-06-15,6.167,6.087,6.176,6.079,1033547,769247328.0
2021-06-16,6.087,6.009,6.09,5.99,1570194,1153725664.0
2021-06-17,5.996,6.048,6.059,5.996,1174271,864488576.0
2021-06-18,6.048,6.113,6.159,6.032,1859726,1377250544.0
2021-06-21,6.097,6.138,6.163,6.078,1339867,1001569072.0
2021-06-22,6.157,6.176,6.188,6.125,1142697,857122288.0
2021-06-23,6.184,6.23,6.243,6.161,1097606,828893968.0
2021-06-24,6.23,6.206,6.23,6.183,1972241,1488280448.0
2021-06-25,6.197,6.259,6.277,6.188,1856501,1408368736.0
2021-06-28,6.259,6.263,6.289,6.241,737631,562071728.0
2021-06-29,6.263,6.212,6.273,6.191,1757478,1331346096.0
2021-06-30,6.214,6.245,6.264,6.204,1389422,1053918736.0
2021-07-01,6.262,6.17,6.266,6.163,1304142,986575696.0
2021-07-02,6.157,6.114,6.172,6.105,1227000,916172080.0
2021-07-05,6.115,6.154,6.166,6.114,1021735,764904880.0
2021-07-06,6.154,6.153,6.188,6.089,1121336,838703040.0
2021-07-07,6.115,6.212,6.216,6.105,1094795,823258256.0
2021-07-08,6.219,6.203,6.245,6.194,955788,723567648.0
2021-07-09,6.202,6.259,6.266,6.149,1094977,828262608.0
2021-07-12,6.293,6.354,6.377,6.285,1506855,1161494864.0
2021-07-13,6.354,6.417,6.424,6.336,798170,619571904.0
2021-07-14,6.414,6.373,6.427,6.353,1805172,1400575648.0
2021-07-15,6.362,6.389,6.398,6.304,1434855,1107370512.0
2021-07-16,6.373,6.398,6.45,6.373,1051270,819015408.0
2021-07-19,6.352,6.36,6.403,6.333,1192292,922692000.0
2021-07-20,6.325,6.368,6.377,6.311,1337093,1031075568.0
2021-07-21,6.379,6.453,6.463,6.379,1544116,1205915232.0
2021-07-22,6.456,6.483,6.491,6.429,774797,608636208.0
2021-07-23,6.493,6.47,6.522,6.439,1235951,972578112.0
2021-07-26,6.456,6.343,6.471,6.266,2574860,1987040896.0
2021-07-27,6.34,6.215,6.396,6.204,3718049,2843550768.0
2021-07-28,6.162,6.115,6.195,6.031,4919590,3661114384.0
2021-07-29,6.203,6.226,6.243,6.161,3057297,2307607216.0
2021-07-30,6.196,6.247,6.252,6.176,1553074,1175119728.0
2021-08-02,6.245,6.337,6.344,6.21,2908945,2229592544.0
2021-08-03,6.332,6.29,6.343,6.275,2433424,1866576256.0
2021-08-04,6.288,6.389,6.391,6.277,3055811,2366443984.0
2021-08-05,6.375,6.381,6.41,6.34,1473398,1142896784.0
2021-08-06,6.382,6.412,6.414,6.356,721395,559817712.0
2021-08-09,6.391,6.439,6.453,6.361,1398444,1089969776.0
2021-08-10,6.431,6.486,6.491,6.42,887425,696460720.0
2021-08-11,6.485,6.538,6.543,6.465,863326,682927040.0
2021-08-12,6.527,6.565,6.588,6.503,959175,763194784.0
2021-08-13,6.561,6.567,6.594,6.528,839808,668418064.0
2021-08-16,6.568,6.532,6.581,6.514,1083856,860721904.0
2021-08-17,6.521,6.379,6.537,6.359,3031830,2367987840.0
2021-08-18,6.375,6.408,6.428,6.347,1958593,1521809360.0
2021-08-19,6.396,6.423,6.446,6.338,1782311,1385783808.0
2021-08-20,6.403,6.393,6.43,6.329,1606132,1242916288.0
2021-08-23,6.405,6.491,6.499,6.405,1569616,1234426992.0
2021-08-24,6.517,6.563,6.572,6.472,1132461,899231536.0
2021-08-25,6.561,6.619,6.622,6.527,842659,671834864.0
2021-08-26,6.616,6.589,6.639,6.578,829137,664807520.0
2021-08-27,6.578,6.643,6.655,6.562,634108,509227824.0
2021-08-30,6.657,6.692,6.728,6.646,883207,715328640.0
2021-08-31,6.689,6.719,6.722,6.623,775768,626889456.0
2021-09-01,6.726,6.659,6.736,6.578,1039705,840141840.0
2021-09-02,6.651,6.787,6.795,6.637,886281,723959040.0
2021-09-03,6.814,6.75,6.857,6.704,1349934,1106651104.0
2021-09-06,6.754,6.812,6.814,6.703,956768,785019264.0
2021-09-07,6.802,6.97,6.974,6.801,927624,775398992.0
2021-09-08,6.97,7.017,7.02,6.957,1067987,903052256.0
2021-09-09,7.008,7.082,7.091,6.989,776634,661062320.0
2021-09-10,7.074,7.079,7.137,7.027,1267154,1084463264.0
2021-09-13,7.058,7.105,7.118,7.023,1216260,1039323728.0
2021-09-14,7.102,7.022,7.162,7.001,1203533,1028985008.0
2021-09-15,6.992,7.053,7.092,6.987,793442,675339040.0
2021-09-16,7.058,6.918,7.119,6.912,1325680,1124057136.0
2021-09-17,6.896,6.858,6.948,6.758,2594170,2151230608.0
2021-09-22,6.751,6.93,6.933,6.751,1366398,1135027840.0
2021-09-23,6.951,6.97,6.998,6.919,1482142,1248709552.0
2021-09-24,6.97,6.861,6.97,6.853,3466043,2887565392.0
2021-09-27,6.86,6.661,6.879,6.617,4637984,3760334656.0
2021-09-28,6.646,6.665,6.693,6.633,1570087,1268650912.0
2021-09-29,6.635,6.506,6.637,6.478,3640229,2882534176.0
2021-09-30,6.513,6.568,6.579,6.513,2628261,2090066160.0
2021-10-08,6.637,6.559,6.664,6.522,2123653,1692633520.0
2021-10-11,6.552,6.553,6.589,6.514,1754982,1397321648.0
2021-10-12,6.553,6.419,6.555,6.377,3119293,2439940096.0
2021-10-13,6.41,6.45,6.468,6.37,1695016,1321479968.0
2021-10-14,6.425,6.475,6.495,6.412,1770336,1391068624.0
2021-10-15,6.475,6.51,6.516,6.448,2080979,1640142544.0
2021-10-18,6.491,6.531,6.534,6.451,2753473,2177357328.0
2021-10-19,6.531,6.585,6.593,6.508,2034651,1620540176.0
2021-10-20,6.546,6.582,6.62,6.532,1683101,1343675920.0
2021-10-21,6.578,6.564,6.612,6.531,1359628,1085512128.0
2021-10-22,6.555,6.511,6.58,6.502,1206003,954783632.0
2021-10-25,6.498,6.568,6.571,6.486,965025,766122160.0
2021-10-26,6.575,6.579,6.62,6.548,1630494,1304023584.0
2021-10-27,6.561,6.517,6.573,6.487,878035,694572672.0
2021-10-28,6.505,6.435,6.516,6.417,2629406,2056327520.0
2021-10-29,6.434,6.504,6.506,6.407,1451550,1139033168.0
2021-11-01,6.479,6.53,6.556,6.473,1004768,795781136.0
2021-11-02,6.518,6.463,6.578,6.408,3254975,2555976608.0
2021-11-03,6.451,6.486,6.515,6.447,1519309,1195145648.0
2021-11-04,6.492,6.541,6.546,6.492,950184,752814864.0
2021-11-05,6.53,6.485,6.549,6.479,1804220,1423626896.0
2021-11-08,6.468,6.506,6.519,6.458,1261528,995767952.0
2021-11-09,6.526,6.549,6.558,6.5,1539389,1220885952.0
2021-11-10,6.543,6.532,6.543,6.433,2346547,1852217952.0
2021-11-11,6.523,6.589,6.592,6.516,1349181,1075744112.0
2021-11-12,6.596,6.628,6.642,6.589,866999,696054592.0
2021-11-15,6.624,6.576,6.662,6.556,1089523,869817184.0
2021-11-16,6.573,6.529,6.602,6.521,998287,793805136.0
2021-11-17,6.53,6.57,6.573,6.518,1159843,923330160.0
2021-11-18,6.566,6.569,6.609,6.534,1722075,1371191872.0
2021-11-19,6.561,6.652,6.661,6.558,2181358,1750648448.0
2021-11-22,6.665,6.713,6.722,6.661,2361923,1919709216.0
2021-11-23,6.705,6.73,6.757,6.699,1547576,1262736560.0
2021-11-24,6.717,6.724,6.753,6.701,862136,702848816.0
2021-11-25,6.722,6.719,6.736,6.706,858996,699356144.0
2021-11-26,6.679,6.699,6.732,6.665,1044241,848276368.0
2021-11-29,6.639,6.706,6.711,6.625,1615537,1308142208.0
2021-11-30,6.713,6.72,6.75,6.679,1303971,1062840976.0
2021-12-01,6.715,6.757,6.76,6.698,768421,626391120.0
2021-12-02,6.745,6.714,6.754,6.692,931372,757778992.0
2021-12-03,6.706,6.781,6.787,6.702,811437,663391856.0
2021-12-06,6.775,6.724,6.802,6.712,1420154,1164182992.0
2021-12-07,6.744,6.68,6.754,6.639,911160,737648784.0
2021-12-08,6.682,6.784,6.785,6.682,1032141,841635968.0
2021-12-09,6.771,6.791,6.817,6.761,844036,694517984.0
2021-12-10,6.764,6.788,6.806,6.764,1469407,1208465328.0
2021-12-13,6.788,6.804,6.83,6.774,951802,784116784.0
2021-12-14,6.78,6.787,6.814,6.775,703971,579202352.0
2021-12-15,6.776,6.778,6.815,6.765,719848,592572544.0
2021-12-16,6.778,6.843,6.847,6.774,1095205,904493152.0
2021-12-17,6.843,6.793,6.844,6.779,2085296,1715995904.0
2021-12-20,6.761,6.68,6.787,6.671,4126650,3348490016.0
2021-12-21,6.672,6.733,6.762,6.672,2002078,1630087008.0
2021-12-22,6.744,6.763,6.785,6.732,1393045,1141035008.0
2021-12-23,6.775,6.803,6.823,6.754,1068636,879615568.0
2021-12-24,6.802,6.761,6.802,6.731,2780005,2273790320.0
2021-12-27,6.747,6.746,6.799,6.736,2750418,2250851136.0
2021-12-28,6.75,6.751,6.761,6.709,1970082,1608792448.0
2021-12-29,6.747,6.733,6.758,6.717,2089351,1704510512.0
2021-12-30,6.721,6.784,6.792,6.72,2191431,1796987600.0
2021-12-31,6.784,6.821,6.841,6.783,1947819,1608930864.0
2022-01-04,6.844,6.827,6.848,6.776,2062248,1699387520.0
2022-01-05,6.823,6.685,6.823,6.675,2840590,2310417712.0
2022-01-06,6.646,6.694,6.706,6.633,2042769,1653859920.0
2022-01-07,6.696,6.658,6.722,6.649,1916156,1552847584.0
2022-01-10,6.644,6.659,6.671,6.605,900918,725935760.0
2022-01-11,6.664,6.618,6.679,6.598,1557848,1251807936.0
2022-01-12,6.622,6.666,6.672,6.622,1007385,812157872.0
2022-01-13,6.67,6.588,6.676,6.579,2088077,1673203344.0
2022-01-14,6.552,6.554,6.609,6.539,2243776,1789294928.0
2022-01-17,6.554,6.623,6.647,6.554,1752484,1406417264.0
2022-01-18,6.626,6.636,6.658,6.597,1375283,1106419472.0
2022-01-19,6.63,6.596,6.662,6.56,2528906,2024391712.0
2022-01-20,6.594,6.541,6.617,6.521,2976174,2365807440.0
2022-01-21,6.534,6.467,6.537,6.452,4420612,3477083568.0
2022-01-24,6.425,6.458,6.487,6.409,1850726,1450597488.0
2022-01-25,6.445,6.234,6.453,6.228,3060112,2356173872.0
2022-01-26,6.246,6.259,6.279,6.212,2169795,1650845856.0
2022-01-27,6.253,6.1,6.259,6.088,2375433,1780796512.0
2022-01-28,6.124,6.055,6.167,5.99,3787125,2809059616.0
2022-02-07,6.115,6.148,6.178,6.115,3284618,2459926192.0
2022-02-08,6.154,6.225,6.229,6.085,1571239,1179424304.0
2022-02-09,6.237,6.316,6.324,6.216,1729170,1321293968.0
2022-02-10,6.311,6.315,6.34,6.28,1435129,1101643808.0
2022-02-11,6.295,6.235,6.321,6.224,1940826,1478632848.0
2022-02-14,6.198,6.178,6.257,6.16,2468390,1861943488.0
2022-02-15,6.184,6.236,6.241,6.166,2155629,1628872816.0
2022-02-16,6.263,6.25,6.272,6.227,1784198,1357108880.0
2022-02-17,6.245,6.252,6.286,6.208,1496085,1137120592.0
2022-02-18,6.229,6.311,6.316,6.217,1577990,1206212416.0
2022-02-21,6.312,6.341,6.348,6.3,1627205,1250962720.0
2022-02-22,6.303,6.266,6.305,6.22,1641614,1250000224.0
2022-02-23,6.266,6.364,6.364,6.266,2241451,1729008704.0
2022-02-24,6.335,6.248,6.37,6.179,3293181,2512995920.0
2022-02-25,6.298,6.295,6.382,6.283,2399984,1847311424.0
2022-02-28,6.299,6.329,6.334,6.25,1578557,1208520656.0
2022-03-01,6.339,6.347,6.368,6.31,1997727,1538760656.0
2022-03-02,6.331,6.349,6.355,6.3,1411748,1086745040.0
2022-03-03,6.382,6.341,6.388,6.315,1509535,1164653856.0
2022-03-04,6.3,6.295,6.362,6.27,1616028,1238159472.0
2022-03-07,6.281,6.142,6.281,6.113,2099244,1579102032.0
2022-03-08,6.142,5.901,6.149,5.898,4647118,3399613808.0
2022-03-09,5.923,5.791,5.949,5.558,6283447,4426199808.0
2022-03-10,5.88,5.89,5.95,5.862,4029961,2904673024.0
2022-03-11,5.815,5.979,5.983,5.757,2991200,2136478448.0
2022-03-14,5.919,5.812,5.984,5.811,3134721,2257638000.0
2022-03-15,5.769,5.447,5.792,5.445,5690139,3921764224.0
2022-03-16,5.542,5.652,5.684,5.315,6039003,4076905072.0
2022-03-17,5.722,5.75,5.859,5.696,3481032,2456378352.0
2022-03-18,5.723,5.813,5.821,5.708,2204025,1556376880.0
2022-03-21,5.827,5.837,5.868,5.763,4219162,2999146848.0
2022-03-22,5.825,5.839,5.893,5.793,1478598,1053909760.0
2022-03-23,5.859,5.88,5.914,5.834,1220816,875721488.0
2022-03-24,5.846,5.832,5.873,5.805,1074599,765596976.0
2022-03-25,5.831,5.753,5.862,5.751,1126022,798976880.0
2022-03-28,5.72,5.774,5.818,5.671,1108251,778955968.0
2022-03-29,5.775,5.741,5.801,5.723,1258523,885921072.0
2022-03-30,5.762,5.873,5.878,5.762,2285417,1628592112.0
2022-03-31,5.854,5.819,5.867,5.809,1345813,959399376.0
2022-04-01,5.77,5.862,5.872,5.77,1821422,1299501168.0
2022-04-06,5.853,5.848,5.853,5.763,1287832,914815536.0
2022-04-07,5.825,5.707,5.851,5.705,1948883,1373140096.0
2022-04-08,5.719,5.727,5.73,5.605,1418051,986420336.0
2022-04-11,5.688,5.532,5.705,5.504,1882350,1287034336.0
2022-04-12,5.53,5.629,5.64,5.469,2478097,1693823376.0
2022-04-13,5.6,5.542,5.625,5.539,1432487,978040352.0
2022-04-14,5.574,5.62,5.661,5.56,1472801,1012513888.0
2022-04-15,5.593,5.566,5.626,5.543,1132248,774875888.0
2022-04-18,5.513,5.571,5.603,5.472,1599004,1089080080.0
2022-04-19,5.57,5.591,5.606,5.55,1213723,829972016.0
2022-04-20,5.591,5.453,5.603,5.443,1286941,869041440.0
2022-04-21,5.443,5.273,5.466,5.25,2161862,1422305104.0
2022-04-22,5.251,5.239,5.306,5.168,2373278,1529016192.0
2022-04-25,5.152,4.871,5.162,4.865,3439457,2123807680.0
2022-04-26,4.883,4.775,4.952,4.744,3479744,2084616624.0
2022-04-27,4.773,4.949,4.952,4.684,4187703,2492446848.0
2022-04-28,4.902,4.934,4.973,4.849,3433218,2087151328.0
2022-04-29,4.948,5.152,5.153,4.945,3352142,2092603216.0
2022-05-05,5.132,5.191,5.237,5.128,2288593,1460696464.0
2022-05-06,5.076,5.066,5.135,5.05,3036722,1903682800.0
2022-05-09,5.048,5.114,5.133,5.038,2504403,1575316624.0
2022-05-10,5.05,5.206,5.216,5.017,1917798,1216140272.0
2022-05-11,5.206,5.244,5.378,5.199,3697787,2415729824.0
2022-05-12,5.227,5.248,5.297,5.196,1450568,936570544.0
2022-05-13,5.263,5.313,5.316,5.239,1407780,914249488.0
2022-05-16,5.351,5.296,5.369,5.271,1914540,1248694464.0
2022-05-17,5.297,5.326,5.328,5.24,1352618,880119856.0
2022-05-18,5.323,5.307,5.36,5.292,1607922,1051132352.0
2022-05-19,5.242,5.36,5.361,5.234,1877983,1223974672.0
2022-05-20,5.37,5.449,5.454,5.357,1880095,1247571360.0
2022-05-23,5.461,5.474,5.485,5.419,1374219,918724336.0
2022-05-24,5.464,5.274,5.475,5.268,2513978,1663286720.0
2022-05-25,5.268,5.364,5.365,5.262,1808455,1181807600.0
2022-05-26,5.358,5.431,5.453,5.288,1921296,1270608592.0
2022-05-27,5.443,5.431,5.481,5.377,1333252,889893296.0
2022-05-30,5.443,5.462,5.464,5.386,950528,634000864.0
2022-05-31,5.453,5.554,5.57,5.421,2541741,1720173648.0
2022-06-01,5.543,5.548,5.572,5.492,1415657,962082992.0
2022-06-02,5.537,5.619,5.628,5.515,1507365,1031916640.0
2022-06-06,5.604,5.715,5.737,5.604,2422504,1687855264.0
2022-06-07,5.713,5.711,5.73,5.679,1592199,1111826496.0
2022-06-08,5.712,5.754,5.77,5.652,1698308,1187593008.0
2022-06-09,5.74,5.68,5.757,5.619,1508090,1051177648.0
2022-06-10,5.642,5.791,5.8,5.642,2181456,1532290992.0
2022-06-13,5.757,5.772,5.797,5.711,1702158,1198121600.0
2022-06-14,5.724,5.835,5.84,5.609,2582859,1807912720.0
2022-06-15,5.832,5.809,5.958,5.801,2147597,1541771504.0
2022-06-16,5.823,5.818,5.893,5.801,2022533,1444896544.0
2022-06-17,5.791,5.878,5.893,5.729,2289539,1631817424.0
2022-06-20,5.878,5.878,5.921,5.822,1786922,1282310384.0
2022-06-21,5.872,5.832,5.894,5.782,1494129,1066364256.0
2022-06-22,5.827,5.736,5.847,5.729,1966173,1390781792.0
2022-06-23,5.736,5.871,5.877,5.713,1981573,1408835456.0
2022-06-24,5.88,5.943,5.956,5.867,1789113,1294176128.0
2022-06-27,5.954,5.97,6.024,5.954,1997586,1457281952.0
2022-06-28,5.969,6.077,6.089,5.958,1298368,954593280.0
2022-06-29,6.061,5.975,6.078,5.948,1805422,1321970688.0
2022-06-30,5.967,6.025,6.066,5.963,2061204,1516437536.0
2022-07-01,6.011,6.013,6.058,5.997,1323419,972423712.0
2022-07-04,6.011,6.091,6.094,5.968,2688207,1983604416.0
2022-07-05,6.101,6.082,6.122,6.003,2240732,1655568288.0
2022-07-06,6.058,5.998,6.074,5.939,1344476,984359824.0
2022-07-07,5.989,6.025,6.063,5.964,1633359,1199931280.0
2022-07-08,6.05,5.987,6.065,5.984,1127554,828130896.0
2022-07-11,5.957,5.902,5.968,5.862,1118653,806545888.0
2022-07-12,5.895,5.826,5.934,5.818,1032621,740249888.0
2022-07-13,5.828,5.849,5.87,5.8,1854491,1323141160.0
2022-07-14,5.84,5.893,5.927,5.833,1932384,1391373973.0
2022-07-15,5.869,5.787,5.921,5.782,1173336,840057674.0
2022-07-18,5.792,5.901,5.919,5.792,1389897,996713559.0
2022-07-19,5.901,5.924,5.94,5.873,1391444,1004233508.0
2022-07-20,5.954,6.004,6.021,5.946,1215665,888618261.0
2022-07-21,5.998,5.942,6.006,5.939,958345,698857170.0
2022-07-22,5.944,5.886,5.975,5.827,1942603,1394813209.0
2022-07-25,5.88,5.824,5.911,5.801,1419844,1014375077.0
2022-07-26,5.824,5.899,5.924,5.815,1164205,835838969.0
2022-07-27,5.888,5.926,5.944,5.875,742822,536039052.0
2022-07-28,5.949,5.942,6.004,5.929,1190576,866454632.0
2022-07-29,5.956,5.892,5.97,5.88,1121999,810273443.0
2022-08-01,5.882,5.946,5.949,5.846,793920,572594575.0
2022-08-02,5.899,5.788,5.906,5.695,2102009,1486902991.0
2022-08-03,5.79,5.736,5.873,5.714,1383848,983528727.0
2022-08-04,5.77,5.757,5.779,5.677,1534762,1077343749.0
2022-08-05,5.763,5.885,5.888,5.763,932406,663416951.0
2022-08-08,5.87,5.92,5.924,5.865,922800,664902426.0
2022-08-09,5.923,5.938,5.942,5.886,903893,653499927.0
2022-08-10,5.931,5.926,5.961,5.897,690192,499523169.0
2022-08-11,5.954,6.051,6.053,5.943,1170696,858080651.0
2022-08-12,6.045,6.039,6.072,6.031,852722,628859243.0
2022-08-15,6.017,6.048,6.078,6.003,1977573,1458406727.0
2022-08-16,6.058,6.065,6.106,6.04,1097487,812316540.0
2022-08-17,6.067,6.107,6.118,6.031,1387339,1027785690.0
2022-08-18,6.099,6.083,6.099,6.054,808473,598810969.0
2022-08-19,6.072,5.997,6.092,5.994,1193891,879109913.0
2022-08-22,5.991,6.078,6.087,5.963,887151,653942628.0
2022-08-23,6.072,6.08,6.084,6.037,1150083,849223572.0
2022-08-24,6.08,5.894,6.085,5.878,1578946,1147800159.0
2022-08-25,5.894,5.928,5.932,5.845,1429686,1028828394.0
2022-08-26,5.922,5.915,5.987,5.893,981831,711104798.0
2022-08-29,5.811,5.911,5.921,5.81,1980285,1243370988.0
2022-08-30,5.911,5.902,5.921,5.854,1835350,1153092428.0
2022-08-31,5.881,5.768,5.897,5.75,2340109,1449546434.0
2022-09-01,5.761,5.746,5.818,5.724,980924,605082195.0
2022-09-02,5.731,5.757,5.791,5.729,1716786,1056194492.0
2022-09-05,5.747,5.788,5.796,5.723,1603172,987346025.0
2022-09-06,5.791,5.894,5.899,5.791,1648440,1030073051.0
2022-09-07,5.875,5.91,5.925,5.864,1036982,652201029.0
2022-09-08,5.916,5.888,5.919,5.881,1451574,912197124.0
2022-09-09,5.886,5.926,5.938,5.867,1625090,1024964818.0
2022-09-13,5.942,5.91,5.962,5.896,1719159,1085475444.0
2022-09-14,5.841,5.862,5.888,5.826,2004173,1252419074.0
2022-09-15,5.875,5.719,5.889,5.672,1847025,1137139697.0
2022-09-16,5.701,5.567,5.72,5.56,2057357,1240121958.0
2022-09-19,5.561,5.53,5.572,5.488,1590733,940843676.0
2022-09-20,5.538,5.56,5.619,5.538,1447292,862607727.0
2022-09-21,5.541,5.59,5.613,5.487,1214695,722336359.0
2022-09-22,5.552,5.581,5.628,5.544,1409796,843298402.0
2022-09-23,5.569,5.51,5.594,5.445,2056784,1216175074.0
2022-09-26,5.469,5.417,5.542,5.411,3397843,1994980601.0
2022-09-27,5.425,5.526,5.536,5.424,2404239,1411390482.0
2022-09-28,5.506,5.387,5.521,5.384,2039260,1186317967.0
2022-09-29,5.421,5.402,5.477,5.358,2424138,1409354548.0
2022-09-30,5.394,5.324,5.426,5.322,1563072,900479980.0
2022-10-10,5.332,5.258,5.38,5.236,1686062,961786662.0
2022-10-11,5.261,5.293,5.325,5.231,2682347,1521015712.0
2022-10-12,5.294,5.429,5.436,5.202,3165166,1807866605.0
2022-10-13,5.401,5.444,5.488,5.397,1620378,945416295.0
2022-10-14,5.501,5.592,5.62,5.477,2548665,1518017161.0
2022-10-17,5.565,5.619,5.642,5.562,1604421,961793886.0
2022-10-18,5.646,5.646,5.685,5.603,1836065,1107179931.0
2022-10-19,5.631,5.595,5.655,5.583,1306563,784782568.0
2022-10-20,5.574,5.575,5.663,5.492,2431984,1448199789.0
2022-10-21,5.581,5.575,5.61,5.535,2041282,1217579218.0
2022-10-24,5.571,5.524,5.691,5.471,2871119,1709693413.0
2022-10-25,5.501,5.477,5.551,5.402,2620577,1537242771.0
2022-10-26,5.491,5.598,5.642,5.484,2589924,1544497873.0
2022-10-27,5.622,5.58,5.647,5.574,2116482,1270523927.0
2022-10-28,5.554,5.39,5.563,5.365,2384385,1395608488.0
2022-10-31,5.38,5.425,5.486,5.357,1960796,1138623733.0
2022-11-01,5.435,5.57,5.576,5.401,3657775,2156261190.0
2022-11-02,5.561,5.613,5.646,5.546,2564827,1536462179.0
2022-11-03,5.578,5.616,5.636,5.572,2322176,1393256719.0
2022-11-04,5.611,5.768,5.786,5.61,3368333,2062291791.0
2022-11-07,5.765,5.752,5.79,5.715,2049034,1259058582.0
2022-11-08,5.745,5.758,5.761,5.72,1765701,1081977722.0
2022-11-09,5.766,5.741,5.807,5.734,1411868,867580136.0
2022-11-10,5.717,5.72,5.747,5.678,2004927,1222992995.0
2022-11-11,5.881,5.756,5.89,5.748,4257227,2642103690.0
2022-11-14,5.763,5.746,5.821,5.73,2591967,1597198501.0
2022-11-15,5.751,5.852,5.861,5.738,2977302,1850356936.0
2022-11-16,5.849,5.823,5.881,5.812,2080383,1295425715.0
2022-11-17,5.803,5.836,5.839,5.772,3296446,2039273639.0
2022-11-18,5.836,5.824,5.878,5.809,4650590,2896129987.0
2022-11-21,5.776,5.817,5.826,5.745,4139889,2559842978.0
2022-11-22,5.796,5.751,5.815,5.719,2674969,1645784286.0
2022-11-23,5.712,5.74,5.766,5.667,4040029,2470193485.0
2022-11-24,5.751,5.741,5.776,5.711,1993746,1222974085.0
2022-11-25,5.721,5.709,5.739,5.675,2772368,1691315690.0
2022-11-28,5.632,5.682,5.687,5.585,3588768,2168839380.0
2022-11-29,5.698,5.782,5.806,5.697,3804857,2342485408.0
2022-11-30,5.78,5.768,5.796,5.741,2050763,1263332453.0
2022-12-01,5.851,5.801,5.859,5.797,2186418,1359689566.0
2022-12-02,5.805,5.786,5.838,5.782,2050409,1269756824.0
2022-12-05,5.827,5.829,5.844,5.797,3894765,2420516580.0
2022-12-06,5.825,5.826,5.875,5.799,2050204,1276605927.0
2022-12-07,5.818,5.818,5.866,5.8,2514859,1563067206.0
2022-12-08,5.818,5.808,5.826,5.784,1798803,1114027324.0
2022-12-09,5.801,5.817,5.841,5.773,1962367,1216913105.0
2022-12-12,5.806,5.794,5.815,5.766,1951527,1205936217.0
2022-12-13,5.792,5.76,5.795,5.747,2057601,1265907003.0
2022-12-14,5.76,5.734,5.779,5.716,1971501,1210000166.0
2022-12-15,5.729,5.733,5.747,5.709,1712487,1047808162.0
2022-12-16,5.72,5.71,5.722,5.677,2661886,1620817138.0
2022-12-19,5.705,5.581,5.717,5.553,6223910,3738023458.0
2022-12-20,5.56,5.517,5.568,5.497,4281225,2533727887.0
2022-12-21,5.521,5.487,5.531,5.448,2269947,1334004322.0
2022-12-22,5.504,5.424,5.513,5.388,2269801,1327241257.0
2022-12-23,5.394,5.402,5.444,5.37,4220081,2447115370.0
2022-12-26,5.406,5.471,5.489,5.402,3830966,2241569499.0
2022-12-27,5.495,5.511,5.516,5.457,3448078,2028977358.0
2022-12-28,5.497,5.495,5.516,5.476,2282709,1342473583.0
2022-12-29,5.48,5.492,5.533,5.463,2755572,1621737311.0
2022-12-30,5.509,5.498,5.514,5.474,1562591,919150284.0
2023-01-03,5.483,5.581,5.601,5.461,2447005,1452603823.0
2023-01-04,5.588,5.579,5.596,5.545,2633742,1570656301.0
2023-01-05,5.596,5.638,5.653,5.579,2317750,1394561318.0
2023-01-06,5.638,5.651,5.682,5.626,1992726,1203393451.0
2023-01-09,5.659,5.663,5.702,5.659,2097014,1271404621.0
2023-01-10,5.662,5.678,5.684,5.641,1515062,917369192.0
2023-01-11,5.678,5.65,5.7,5.636,2318965,1403722847.0
2023-01-12,5.656,5.644,5.684,5.629,1701199,1028140511.0
2023-01-13,5.653,5.695,5.697,5.644,2154552,1304987383.0
2023-01-16,5.702,5.754,5.809,5.702,3909891,2409153605.0
2023-01-17,5.771,5.762,5.777,5.748,3017421,1856161851.0
2023-01-18,5.763,5.786,5.807,5.763,3612356,2233379007.0
2023-01-19,5.778,5.843,5.848,5.762,3016229,1871362978.0
2023-01-20,5.853,5.888,5.891,5.852,2778630,1740641348.0
2023-01-30,5.961,5.909,5.993,5.903,4044467,2562862589.0
2023-01-31,5.907,5.914,5.942,5.892,2636622,1664269034.0
2023-02-01,5.929,5.986,5.995,5.918,4056549,2579662458.0
2023-02-02,6.002,5.996,6.03,5.97,3382927,2161519790.0
2023-02-03,5.981,5.968,5.985,5.897,2583037,1635338319.0
2023-02-06,5.947,5.939,5.955,5.894,3046677,1923549544.0
2023-02-07,5.942,5.942,5.951,5.895,5627540,3551023755.0
2023-02-08,5.947,5.896,5.952,5.886,4671379,2946457122.0
2023-02-09,5.891,5.987,5.993,5.879,3198432,2030121218.0
2023-02-10,5.991,5.967,5.993,5.918,4713553,2986761533.0
2023-02-13,5.949,6.005,6.013,5.949,5094383,3253878462.0
2023-02-14,6.015,6.022,6.035,5.992,2323794,1487854766.0
2023-02-15,6.021,6.01,6.04,5.988,2702558,1728355320.0
2023-02-16,6.015,5.925,6.059,5.878,3099681,1973891842.0
2023-02-17,5.921,5.871,5.941,5.856,2571349,1617674608.0
2023-02-20,5.893,5.969,5.975,5.846,4922174,3101744006.0
2023-02-21,5.986,6.006,6.024,5.963,1862749,1189503911.0
2023-02-22,5.994,6.0,6.024,5.976,2993480,1911666367.0
2023-02-23,6.001,5.989,6.019,5.949,3546647,2261675776.0
2023-02-24,5.979,5.975,6.004,5.929,1968144,1250543753.0
2023-02-27,5.952,5.942,5.972,5.909,2710886,1716511047.0
2023-02-28,5.944,5.983,5.989,5.915,1689644,1073198959.0
2023-03-01,5.981,6.022,6.043,5.967,1840663,1178803881.0
2023-03-02,6.031,6.015,6.042,5.998,2156620,1380731369.0
2023-03-03,6.019,6.012,6.029,5.968,3017922,1929511268.0
2023-03-06,6.017,6.014,6.032,5.983,2651555,1696050548.0
2023-03-07,6.011,5.914,6.018,5.912,2590024,1648696999.0
2023-03-08,5.896,5.924,5.937,5.892,2622042,1653974283.0
2023-03-09,5.929,5.917,5.933,5.883,2525910,1591803989.0
2023-03-10,5.881,5.837,5.895,5.822,1703309,1063695486.0
2023-03-13,5.831,5.872,5.877,5.808,1808494,1127004656.0
2023-03-14,5.853,5.821,5.871,5.757,2010919,1247164271.0
2023-03-15,5.85,5.853,5.885,5.841,1973022,1232921797.0
2023-03-16,5.829,5.776,5.845,5.762,2520105,1562174915.0
2023-03-17,5.813,5.812,5.871,5.792,4218304,2626433994.0
2023-03-20,5.821,5.793,5.835,5.781,2045072,1267461273.0
2023-03-21,5.81,5.858,5.861,5.807,3102533,1933302437.0
2023-03-22,5.866,5.892,5.896,5.866,1527660,958505755.0
2023-03-23,5.886,5.927,5.928,5.879,1760043,1107822682.0
2023-03-24,5.931,5.935,5.942,5.909,1456442,920210934.0
2023-03-27,5.934,5.932,5.942,5.891,1917047,1210959629.0
2023-03-28,5.932,5.916,5.951,5.902,2382548,1504138899.0
2023-03-29,5.926,5.89,5.93,5.875,2203848,1385221847.0
2023-03-30,5.89,5.923,5.926,5.851,4198018,2634433755.0
2023-03-31,5.923,5.97,5.975,5.916,3495350,2214202524.0
2023-04-03,5.981,6.034,6.051,5.977,2803988,1798020591.0
2023-04-04,6.04,6.038,6.043,6.007,1619826,1039482675.0
2023-04-06,6.025,6.037,6.051,6.017,2454720,1577734331.0
2023-04-07,6.037,6.086,6.098,6.033,1657223,1071993208.0
2023-04-10,6.093,6.043,6.097,6.03,2962016,1910698833.0
2023-04-11,6.041,6.042,6.058,6.018,3361130,2159284187.0
2023-04-12,6.056,6.064,6.069,6.034,3577088,2306354888.0
2023-04-13,6.059,6.036,6.072,6.028,2781556,1791079105.0
2023-04-14,6.042,6.051,6.076,6.026,2530731,1630033257.0
2023-04-17,6.036,6.083,6.087,6.035,1151249,743336830.0
2023-04-18,6.081,6.07,6.083,6.043,1984948,1281483847.0
2023-04-19,6.066,6.04,6.08,6.029,1223617,788762173.0
2023-04-20,6.036,6.033,6.039,6.009,1459620,935610341.0
2023-04-21,6.033,5.88,6.033,5.861,2627984,1664466758.0
2023-04-24,5.884,5.838,5.892,5.818,1969801,1230839704.0
2023-04-25,5.833,5.744,5.852,5.674,2554903,1569307133.0
2023-04-26,5.735,5.77,5.798,5.73,3053471,1879711020.0
2023-04-27,5.768,5.796,5.826,5.756,2115923,1307713905.0
2023-04-28,5.808,5.888,5.891,5.791,2111764,1317176778.0
2023-05-04,5.871,5.889,5.89,5.861,1628460,1020452338.0
2023-05-05,5.889,5.833,5.892,5.802,1694271,1053303886.0
2023-05-08,5.834,5.872,5.895,5.83,1483337,927563534.0
2023-05-09,5.873,5.815,5.902,5.811,2581884,1614043547.0
2023-05-10,5.813,5.804,5.844,5.781,1817316,1126003451.0
2023-05-11,5.81,5.785,5.823,5.781,847531,524704235.0
2023-05-12,5.779,5.725,5.817,5.719,1463672,899892508.0
2023-05-15,5.72,5.793,5.802,5.681,1617161,991617637.0
2023-05-16,5.793,5.752,5.797,5.735,995946,612874093.0
2023-05-17,5.737,5.754,5.78,5.73,1538331,944882702.0
2023-05-18,5.765,5.764,5.79,5.734,1734112,1067228667.0
2023-05-19,5.756,5.769,5.803,5.726,1729168,1064504043.0
2023-05-22,5.768,5.76,5.788,5.727,1153644,708922176.0
2023-05-23,5.76,5.695,5.765,5.692,1387183,849720503.0
2023-05-24,5.691,5.649,5.71,5.642,2461380,1493635574.0
2023-05-25,5.651,5.631,5.68,5.57,1954870,1175020417.0
2023-05-26,5.633,5.684,5.699,5.597,1750330,1056899255.0
2023-05-29,5.701,5.677,5.717,5.654,1917946,1163727672.0
2023-05-30,5.674,5.71,5.718,5.615,2107215,1277269444.0
2023-05-31,5.701,5.703,5.715,5.66,1713193,1041171961.0
2023-06-01,5.705,5.713,5.755,5.671,2875100,1756775683.0
2023-06-02,5.731,5.765,5.782,5.73,2435427,1498036362.0
2023-06-05,5.756,5.752,5.766,5.737,1053204,646892503.0
2023-06-06,5.753,5.638,5.754,5.632,1499592,911274749.0
2023-06-07,5.642,5.642,5.676,5.631,1360410,821895904.0
2023-06-08,5.645,5.629,5.659,5.587,1923525,1155659962.0
2023-06-09,5.641,5.68,5.691,5.63,2081675,1258499361.0
2023-06-12,5.686,5.698,5.725,5.666,1874926,1141939037.0
2023-06-13,5.698,5.716,5.724,5.689,1256949,766961295.0
2023-06-14,5.725,5.723,5.742,5.712,1195566,731159070.0
2023-06-15,5.731,5.777,5.791,5.727,1954461,1201564432.0
2023-06-16,5.778,5.82,5.842,5.777,2065270,1281786865.0
2023-06-19,5.831,5.812,5.836,5.806,1192619,740304877.0
2023-06-20,5.814,5.809,5.827,5.791,762272,472444970.0
2023-06-21,5.803,5.684,5.803,5.681,1667993,1021559235.0
2023-06-26,5.655,5.583,5.67,5.571,3443232,2066980354.0
2023-06-27,5.584,5.628,5.639,5.583,3172961,1907525642.0
2023-06-28,5.624,5.642,5.644,5.547,2730213,1633413936.0
2023-06-29,5.629,5.633,5.653,5.611,2215433,1333935245.0
2023-06-30,5.622,5.706,5.717,5.622,1971456,1198238000.0
2023-07-03,5.715,5.735,5.756,5.696,1662058,1017304780.0
2023-07-04,5.73,5.749,5.752,5.728,1734127,1063242106.0
2023-07-05,5.743,5.718,5.755,5.706,2322338,1421447518.0
2023-07-06,5.711,5.683,5.746,5.678,1697691,1033798369.0
2023-07-07,5.681,5.667,5.693,5.635,1136526,687991371.0
2023-07-10,5.689,5.688,5.712,5.659,1185252,719682020.0
2023-07-11,5.7,5.738,5.74,5.681,1031677,629303370.0
2023-07-12,5.74,5.677,5.745,5.669,940533,573197538.0
2023-07-13,5.7,5.761,5.765,5.7,1780132,1090755327.0
2023-07-14,5.766,5.737,5.768,5.736,886348,544267498.0
2023-07-17,5.73,5.722,5.73,5.689,1921224,1170740595.0
2023-07-18,5.722,5.713,5.739,5.689,1571550,958453839.0
2023-07-19,5.705,5.704,5.728,5.675,1204870,733814812.0
2023-07-20,5.716,5.638,5.731,5.633,2581532,1568483529.0
2023-07-21,5.636,5.641,5.681,5.625,2574504,1553404150.0
2023-07-24,5.611,5.631,5.672,5.611,1048382,632051377.0
2023-07-25,5.681,5.729,5.736,5.681,1852674,1131145907.0
2023-07-26,5.728,5.718,5.734,5.698,1043384,637071333.0
2023-07-27,5.723,5.676,5.73,5.666,976425,594989648.0
2023-07-28,5.651,5.768,5.773,5.651,1759335,1078204657.0
2023-07-31,5.777,5.807,5.864,5.775,2269487,1410878740.0
2023-08-01,5.807,5.812,5.837,5.801,1705671,1058342809.0
2023-08-02,5.808,5.79,5.831,5.771,1520788,940707002.0
2023-08-03,5.787,5.811,5.813,5.758,2343075,1449039292.0
2023-08-04,5.841,5.852,5.891,5.824,2158315,1348209240.0
2023-08-07,5.845,5.811,5.849,5.798,3807644,2361615867.0
2023-08-08,5.801,5.79,5.81,5.767,2948608,1822186652.0
2023-08-09,5.776,5.748,5.789,5.738,4221885,2595236507.0
2023-08-10,5.748,5.746,5.764,5.721,2049476,1257057943.0
2023-08-11,5.747,5.625,5.756,5.623,2912579,1766448422.0
2023-08-14,5.581,5.632,5.643,5.555,2608458,1560642068.0
2023-08-15,5.621,5.599,5.646,5.548,2284840,1367680954.0
2023-08-16,5.577,5.556,5.606,5.554,2268833,1352673932.0
2023-08-17,5.533,5.592,5.605,5.5,3143180,1870307730.0
2023-08-18,5.586,5.499,5.611,5.497,3160704,1878181523.0
2023-08-21,5.482,5.422,5.525,5.42,3261363,1913880144.0
2023-08-22,5.441,5.449,5.466,5.361,3272933,1903831840.0
2023-08-23,5.445,5.349,5.445,5.339,2997125,1729652220.0
2023-08-24,5.353,5.365,5.42,5.338,2526762,1455596440.0
2023-08-25,5.345,5.297,5.37,5.269,2740769,1564353078.0
2023-08-28,5.6,5.36,5.6,5.339,5159482,3011273191.0
2023-08-29,5.353,5.485,5.515,5.35,11823844,6900723499.0
2023-08-30,5.485,5.486,5.534,5.463,3112849,1832472792.0
2023-08-31,5.48,5.457,5.497,5.439,2234044,1307594599.0
2023-09-01,5.47,5.463,5.494,5.446,2223553,1301831939.0
2023-09-04,5.492,5.547,5.551,5.469,3100547,1833756164.0
2023-09-05,5.538,5.504,5.541,5.493,3289476,1939549756.0
2023-09-06,5.487,5.502,5.525,5.459,2302641,1354396023.0
2023-09-07,5.502,5.42,5.502,5.413,3505516,2047335843.0
2023-09-08,5.406,5.418,5.444,5.397,3276450,1904449593.0
2023-09-11,5.425,5.485,5.521,5.413,3463820,2029703953.0
2023-09-12,5.485,5.487,5.506,5.474,2494673,1466529654.0
2023-09-13,5.486,5.428,5.486,5.394,3293239,1915493459.0
2023-09-14,5.424,5.423,5.43,5.39,2596902,1506656494.0
2023-09-15,5.432,5.424,5.463,5.393,2642641,1537412136.0
2023-09-18,5.411,5.436,5.457,5.383,5749228,3349618231.0
2023-09-19,5.428,5.411,5.435,5.387,2398793,1389655445.0
2023-09-20,5.393,5.37,5.409,5.369,3142782,1815632673.0
2023-09-21,5.357,5.324,5.386,5.321,2832889,1624386983.0
2023-09-22,5.314,5.422,5.424,5.314,3769646,2177669265.0
2023-09-25,5.411,5.389,5.418,5.372,3442787,1988022795.0
2023-09-26,5.383,5.37,5.399,5.368,2136131,1231863590.0
2023-09-27,5.369,5.395,5.423,5.366,4318303,2499945341.0
2023-09-28,5.401,5.403,5.419,5.394,2603361,1508370936.0
2023-10-09,5.401,5.371,5.403,5.342,2076411,1194573423.0
2023-10-10,5.377,5.343,5.403,5.338,1216876,699428031.0
2023-10-11,5.366,5.338,5.394,5.326,3552735,2037223625.0
2023-10-12,5.367,5.381,5.39,5.352,2236991,1289381469.0
2023-10-13,5.357,5.351,5.357,5.334,1700873,975045644.0
2023-10-16,5.351,5.294,5.353,5.272,1941047,1104363923.0
2023-10-17,5.301,5.305,5.306,5.268,1987758,1129134383.0
2023-10-18,5.295,5.237,5.296,5.227,1958355,1104820789.0
2023-10-19,5.216,5.172,5.244,5.16,2577569,1441578583.0
2023-10-20,5.152,5.134,5.182,5.115,2439789,1350522109.0
2023-10-23,5.12,4.987,5.124,4.968,5057113,2730233385.0
2023-10-24,5.006,5.051,5.066,4.988,6136680,3327012451.0
2023-10-25,5.093,5.078,5.128,5.077,3159519,1734052334.0
2023-10-26,5.057,5.102,5.117,5.041,2205799,1204548961.0
2023-10-27,5.081,5.206,5.225,5.079,4017352,2229846831.0
2023-10-30,5.186,5.251,5.271,5.181,2907634,1635597914.0
2023-10-31,5.249,5.238,5.26,5.212,2122998,1193302494.0
2023-11-01,5.264,5.226,5.264,5.202,1217109,682839727.0
2023-11-02,5.231,5.175,5.249,5.17,1449002,809851892.0
2023-11-03,5.176,5.216,5.253,5.175,3517712,1974546863.0
2023-11-06,5.251,5.311,5.318,5.251,4049054,2303258966.0
2023-11-07,5.298,5.32,5.344,5.288,1991878,1135660661.0
2023-11-08,5.311,5.316,5.344,5.289,2098415,1197799593.0
2023-11-09,5.311,5.304,5.354,5.291,2117940,1207443585.0
2023-11-10,5.291,5.284,5.292,5.258,2025189,1147581005.0
2023-11-13,5.291,5.315,5.318,5.269,2261440,1284047766.0
2023-11-14,5.315,5.339,5.351,5.306,2404463,1375112983.0
2023-11-15,5.384,5.376,5.402,5.358,2185429,1259417788.0
2023-11-16,5.363,5.318,5.366,5.316,1720441,985662358.0
2023-11-17,5.3,5.337,5.339,5.298,2069163,1181257982.0
2023-11-20,5.34,5.369,5.383,5.313,2146588,1230682071.0
2023-11-21,5.38,5.352,5.41,5.34,1705743,984121338.0
2023-11-22,5.333,5.279,5.354,5.277,2521135,1439011385.0
2023-11-23,5.272,5.33,5.34,5.251,2265192,1289509832.0
2023-11-24,5.331,5.284,5.331,5.263,3364456,1911176710.0
2023-11-27,5.269,5.27,5.29,5.233,1744352,985194828.0
2023-11-28,5.267,5.296,5.306,5.229,1780458,1007063990.0
2023-11-29,5.291,5.267,5.3,5.251,1229943,697041350.0
2023-11-30,5.266,5.248,5.268,5.211,1670089,940425344.0
2023-12-01,5.242,5.275,5.288,5.224,1487487,838384283.0
2023-12-04,5.278,5.263,5.299,5.262,1565727,887198376.0
2023-12-05,5.251,5.176,5.251,5.172,1815608,1017329288.0
2023-12-06,5.169,5.188,5.225,5.153,1904332,1062133386.0
2023-12-07,5.179,5.193,5.213,5.144,2578998,1435752959.0
2023-12-08,5.191,5.205,5.231,5.188,2500441,1400010203.0
2023-12-11,5.18,5.267,5.288,5.142,4031145,2264477778.0
2023-12-12,5.261,5.277,5.282,5.25,1814817,1026398177.0
2023-12-13,5.268,5.218,5.268,5.21,2125359,1196368682.0
2023-12-14,5.237,5.199,5.269,5.188,2818727,1583535248.0
2023-12-15,5.211,5.155,5.227,5.138,3470472,1931426648.0
2023-12-18,5.131,5.094,5.156,5.084,1884010,1036538009.0
2023-12-19,5.094,5.085,5.116,5.052,2373215,1297960196.0
2023-12-20,5.093,5.023,5.097,5.017,1933870,1050928791.0
2023-12-21,5.001,5.037,5.062,4.96,3253046,1757574800.0
2023-12-22,5.032,5.021,5.072,4.994,3356885,1815424437.0
2023-12-25,5.019,5.014,5.048,4.989,3139644,1697294843.0
2023-12-26,5.011,4.967,5.013,4.941,2543510,1362422437.0
2023-12-27,4.97,4.983,4.998,4.932,2568572,1375160915.0
2023-12-28,4.982,5.086,5.104,4.972,3487194,1900033209.0
2023-12-29,5.089,5.13,5.146,5.082,2713357,1496527264.0
2024-01-02,5.135,5.108,5.141,5.103,3092572,1705665321.0
2024-01-03,5.101,5.101,5.128,5.072,2255497,1238302777.0
2024-01-04,5.102,5.057,5.106,5.028,2747555,1495540700.0
2024-01-05,5.049,4.987,5.074,4.967,2031987,1099041995.0
2024-01-08,4.972,4.861,4.975,4.859,2922712,1547033096.0
2024-01-09,4.863,4.873,4.92,4.849,2220795,1169642672.0
2024-01-10,4.855,4.86,4.914,4.811,2096542,1101714579.0
2024-01-11,4.851,4.923,4.946,4.846,2695309,1426398489.0
2024-01-12,4.906,4.903,4.969,4.9,2377712,1265314829.0
2024-01-15,4.886,4.89,4.944,4.865,1577415,834370669.0
2024-01-16,4.877,4.885,4.908,4.821,2390412,1256028405.0
2024-01-17,4.865,4.752,4.873,4.749,1981661,1032494763.0
2024-01-18,4.747,4.757,4.764,4.613,4760788,2412324445.0
2024-01-19,4.73,4.717,4.773,4.706,3196218,1639168635.0
2024-01-22,4.699,4.481,4.706,4.431,3745535,1858414199.0
2024-01-23,4.455,4.559,4.582,4.412,3309903,1623833912.0
2024-01-24,4.562,4.629,4.637,4.45,3446637,1704636315.0
2024-01-25,4.629,4.777,4.78,4.587,3445700,1755492249.0
2024-01-26,4.756,4.72,4.779,4.702,2914766,1497872820.0
2024-01-29,4.726,4.624,4.746,4.623,1966042,993868410.0
2024-01-30,4.604,4.522,4.638,4.499,1885736,937038152.0
2024-01-31,4.511,4.394,4.529,4.387,3470484,1675014482.0
2024-02-01,4.367,4.376,4.467,4.32,3482025,1665132154.0
2024-02-02,4.375,4.248,4.422,4.115,3845023,1800219345.0
2024-02-05,4.231,4.146,4.291,3.962,35130238,16081415892.0
2024-02-06,4.094,4.524,4.541,4.076,10280444,4861999738.0
2024-02-07,4.552,4.836,4.846,4.514,13240326,6790668059.0
2024-02-08,4.908,4.86,5.086,4.826,16205182,8678055731.0
2024-02-19,4.911,4.826,4.911,4.756,15512755,8095394399.0
2024-02-20,4.797,4.826,4.839,4.76,4763525,2473894419.0
2024-02-21,4.792,4.823,4.951,4.776,6000901,3156024197.0
2024-02-22,4.823,4.868,4.881,4.806,2948423,1542814976.0
2024-02-23,4.87,4.892,4.894,4.805,3225140,1689915433.0
2024-02-26,4.881,4.882,4.952,4.852,3868468,2047977912.0
2024-02-27,4.871,5.009,5.011,4.856,3670872,1958600148.0
2024-02-28,5.01,4.87,5.083,4.868,4803429,2584556893.0
2024-02-29,4.852,5.042,5.055,4.852,6347472,3414044458.0
2024-03-01,5.034,5.078,5.089,5.017,3341373,1818468534.0
2024-03-04,5.072,5.076,5.096,5.014,4340663,2365113919.0
2024-03-05,5.045,5.049,5.086,5.03,14374634,7835337665.0
2024-03-06,5.041,5.044,5.107,4.993,3197713,1739577363.0
2024-03-07,5.043,4.974,5.085,4.968,2502329,1355027777.0
2024-03-08,4.981,5.045,5.064,4.964,3050536,1647750286.0
2024-03-11,5.043,5.147,5.15,5.034,3991841,2185225020.0
2024-03-12,5.146,5.116,5.175,5.079,4177689,2302873871.0
2024-03-13,5.117,5.108,5.16,5.081,3468047,1909456399.0
2024-03-14,5.099,5.085,5.142,5.044,3181945,1744951635.0
2024-03-15,5.074,5.16,5.161,5.048,5115451,2803900784.0
2024-03-18,5.163,5.231,5.235,5.152,3232054,1802999075.0
2024-03-19,5.221,5.172,5.226,5.168,2756072,1540655668.0
2024-03-20,5.173,5.186,5.202,5.154,1883091,1048538572.0
2024-03-21,5.199,5.159,5.21,5.148,2434399,1354248800.0
2024-03-22,5.158,5.076,5.159,5.048,2469633,1352646428.0
2024-03-25,5.07,4.995,5.096,4.985,2705562,1470479128.0
2024-03-26,4.997,4.971,5.019,4.936,4751668,2550111826.0
2024-03-27,4.969,4.847,4.969,4.844,3402235,1803119168.0
2024-03-28,4.85,4.914,4.972,4.85,3555236,1885426261.0
2024-03-29,4.906,4.982,4.986,4.899,3831434,2042485157.0
2024-04-01,4.998,5.095,5.104,4.997,4064103,2217313497.0
2024-04-02,5.094,5.073,5.1,5.042,3321813,1812871679.0
2024-04-03,5.067,5.07,5.077,5.039,3977985,2167619898.0
2024-04-08,5.061,4.99,5.076,4.986,3293272,1785032805.0
2024-04-09,4.985,5.035,5.037,4.98,1786721,964306442.0
2024-04-10,5.032,4.972,5.032,4.931,1975754,1061909146.0
2024-04-11,4.947,4.997,5.052,4.936,3038010,1641704048.0
2024-04-12,4.997,4.968,5.036,4.958,3122913,1679792228.0
2024-04-15,4.961,5.039,5.075,4.914,3151158,1702167108.0
2024-04-16,5.007,4.891,5.04,4.874,3905146,2085941389.0
2024-04-17,4.899,5.032,5.035,4.899,3833425,2058459036.0
2024-04-18,5.021,5.042,5.111,4.988,3403176,1851687972.0
2024-04-19,5.024,5.005,5.062,4.981,3573340,1930070728.0
2024-04-22,4.997,4.96,5.041,4.951,1958489,1052433481.0
2024-04-23,4.959,4.898,4.985,4.887,1890163,1003085449.0
2024-04-24,4.907,4.96,4.961,4.871,1771454,940284676.0
2024-04-25,4.941,4.952,4.996,4.921,1926664,1029843330.0
2024-04-26,4.958,5.072,5.086,4.957,7970795,4329716776.0
2024-04-29,5.08,5.178,5.197,5.076,5666415,3138793820.0
2024-04-30,5.176,5.14,5.186,5.137,2767038,1535170863.0
2024-05-06,5.211,5.225,5.241,5.2,5129670,2877857689.0
2024-05-07,5.221,5.224,5.242,5.204,2289327,1284759439.0
2024-05-08,5.221,5.153,5.221,5.149,3975570,2209922264.0
2024-05-09,5.15,5.254,5.274,5.15,2970079,1671070310.0
2024-05-10,5.258,5.234,5.277,5.193,5121579,2872238383.0
2024-05-13,5.197,5.205,5.231,5.159,3272228,1826421973.0
2024-05-14,5.204,5.199,5.247,5.181,2687404,1503325676.0
2024-05-15,5.199,5.15,5.199,5.138,2731969,1518528125.0
2024-05-16,5.166,5.124,5.188,5.106,2383653,1319818161.0
2024-05-17,5.137,5.202,5.205,5.118,5151667,2813505491.0
2024-05-20,5.205,5.222,5.246,5.19,5322736,2938657577.0
2024-05-21,5.204,5.182,5.216,5.162,2808569,1541428580.0
2024-05-22,5.177,5.176,5.191,5.159,2296000,1257466353.0
2024-05-23,5.163,5.081,5.163,5.06,3992422,2157056181.0
2024-05-24,5.059,5.029,5.115,5.022,2092201,1123114671.0
2024-05-27,5.043,5.081,5.085,4.992,2425547,1295755500.0
2024-05-28,5.075,5.034,5.077,5.022,2146284,1148740742.0
2024-05-29,5.028,5.045,5.084,5.023,3143561,1685053739.0
2024-05-30,5.045,5.034,5.073,5.016,2025748,1082625287.0
2024-05-31,5.045,5.033,5.084,5.03,3021095,1617830981.0
2024-06-03,5.027,4.992,5.041,4.951,2973093,1573165845.0
2024-06-04,4.987,5.063,5.08,4.971,2318048,1236260806.0
2024-06-05,5.063,5.005,5.071,5.002,1862866,995937984.0
2024-06-06,5.022,4.967,5.038,4.942,2534543,1341265379.0
2024-06-07,4.989,4.942,5.002,4.91,2743246,1440518368.0
2024-06-11,4.925,4.954,4.973,4.897,1877216,982239469.0
2024-06-12,4.943,4.969,4.986,4.941,1893932,998194127.0
2024-06-13,4.977,4.942,4.981,4.927,1952078,1024633279.0
2024-06-14,4.933,4.967,4.988,4.912,3141984,1650786376.0
2024-06-17,4.945,4.949,4.971,4.937,1440541,757577688.0
2024-06-18,4.953,4.976,4.994,4.953,2480729,1309362390.0
2024-06-19,4.985,4.922,4.99,4.916,1973026,1033228122.0
2024-06-20,4.917,4.844,4.933,4.839,1739755,900567952.0
2024-06-21,4.837,4.853,4.879,4.827,2661721,1372701498.0
2024-06-24,4.838,4.745,4.838,4.734,8320736,4219239878.0
2024-06-25,4.748,4.701,4.763,4.662,5414475,2717880474.0
2024-06-26,4.69,4.77,4.78,4.668,3800469,1907111299.0
2024-06-27,4.751,4.686,4.757,4.682,6434058,3221419468.0
2024-06-28,4.676,4.694,4.763,4.67,4148317,2085352184.0
2024-07-01,4.694,4.753,4.776,4.679,3095527,1557013366.0
2024-07-02,4.75,4.707,4.755,4.688,1998284,1003940421.0
2024-07-03,4.701,4.664,4.712,4.658,1875123,934475788.0
2024-07-04,4.678,4.593,4.687,4.584,5107613,2514631260.0
2024-07-05,4.588,4.628,4.639,4.557,2084542,1020397247.0
2024-07-08,4.613,4.546,4.617,4.529,2343628,1139285363.0
2024-07-09,4.538,4.634,4.655,4.511,3407766,1665121351.0
2024-07-10,4.624,4.606,4.655,4.604,1895942,934688474.0
2024-07-11,4.662,4.705,4.713,4.632,2851786,1421153966.0
2024-07-12,4.697,4.683,4.705,4.671,1508868,753015882.0
2024-07-15,4.668,4.647,4.676,4.638,4545598,2254993090.0
2024-07-16,4.637,4.664,4.68,4.62,2187526,1082677266.0
2024-07-17,4.66,4.629,4.671,4.624,6147727,3038141458.0
2024-07-18,4.615,4.652,4.654,4.564,4745455,2327743494.0
2024-07-19,4.626,4.644,4.676,4.612,6176636,3056884867.0
2024-07-22,4.646,4.632,4.663,4.603,3043014,1503144331.0
2024-07-23,4.629,4.492,4.65,4.49,2442099,1186496610.0
2024-07-24,4.486,4.435,4.507,4.428,3252320,1550710345.0
2024-07-25,4.422,4.429,4.481,4.406,2660303,1260269705.0
2024-07-26,4.431,4.504,4.518,4.43,2415192,1156705053.0
2024-07-29,4.499,4.474,4.511,4.471,1469911,703462287.0
2024-07-30,4.465,4.47,4.487,4.416,2338607,1113782436.0
2024-07-31,4.47,4.673,4.675,4.455,5569471,2729524972.0
2024-08-01,4.673,4.628,4.71,4.604,3504122,1736710637.0
2024-08-02,4.592,4.562,4.653,4.552,2235956,1094886544.0
2024-08-05,4.538,4.468,4.624,4.461,4152751,2006387779.0
2024-08-06,4.517,4.519,4.55,4.464,2616120,1257819187.0
2024-08-07,4.516,4.521,4.56,4.486,2391677,1153900681.0
2024-08-08,4.509,4.531,4.57,4.473,2327848,1123948107.0
2024-08-09,4.556,4.49,4.582,4.487,2167099,1045691875.0
2024-08-12,4.488,4.492,4.514,4.465,2027173,971596688.0
2024-08-13,4.492,4.502,4.507,4.449,1900885,909001809.0
2024-08-14,4.504,4.435,4.504,4.433,2162187,1028267910.0
2024-08-15,4.422,4.472,4.524,4.418,5371351,2568201561.0
2024-08-16,4.47,4.444,4.484,4.438,7930053,3772598348.0
2024-08-19,4.439,4.452,4.508,4.437,2759482,1318518497.0
2024-08-20,4.46,4.37,4.46,4.356,3508603,1645311054.0
2024-08-21,4.365,4.361,4.381,4.355,1320021,616166150.0
2024-08-22,4.363,4.305,4.371,4.296,4023252,1862544630.0
2024-08-23,4.301,4.306,4.324,4.288,1584263,729871103.0
2024-08-26,4.31,4.311,4.333,4.294,1009724,465849599.0
2024-08-27,4.295,4.265,4.303,4.262,2339918,1071409551.0
2024-08-28,4.264,4.266,4.303,4.253,2723424,1246905088.0
2024-08-29,4.254,4.33,4.353,4.246,4365292,2017728795.0
2024-08-30,4.326,4.41,4.485,4.322,6989480,3302514338.0
2024-09-02,4.398,4.315,4.407,4.313,4362037,2030627748.0
2024-09-03,4.314,4.364,4.388,4.313,2944586,1371818907.0
2024-09-04,4.338,4.352,4.398,4.32,2212121,1031221663.0
2024-09-05,4.378,4.373,4.406,4.353,1695282,792815040.0
2024-09-06,4.388,4.309,4.391,4.302,2268192,1052496941.0
2024-09-09,4.298,4.276,4.318,4.259,1803374,827354731.0
2024-09-10,4.285,4.274,4.301,4.198,2775346,1261403388.0
2024-09-11,4.254,4.286,4.302,4.247,1792621,820704028.0
2024-09-12,4.294,4.268,4.343,4.264,2424416,1114419442.0
2024-09-13,4.272,4.22,4.281,4.218,1858175,846641887.0
2024-09-18,4.225,4.235,4.248,4.161,2100924,946728410.0
2024-09-19,4.244,4.298,4.342,4.204,4296814,1972744331.0
2024-09-20,4.283,4.266,4.288,4.24,2651260,1210706857.0
2024-09-23,4.257,4.265,4.321,4.248,2503894,1147856830.0
2024-09-24,4.318,4.477,4.478,4.277,8622586,4049151593.0
2024-09-25,4.548,4.511,4.627,4.499,7069312,3436075305.0
2024-09-26,4.493,4.759,4.765,4.492,11789570,5826198165.0
2024-09-27,4.841,5.191,5.264,4.803,6199223,3254160732.0
2024-09-30,5.487,5.693,5.74,5.199,19862373,11428173744.0
2024-10-08,6.293,5.944,6.293,5.694,25698267,16143442550.0
2024-10-09,5.739,5.561,5.882,5.469,13624744,8146262204.0
2024-10-10,5.568,5.487,5.685,5.397,7292272,4265719720.0
2024-10-11,5.43,5.254,5.45,5.183,7865974,4410523895.0
2024-10-14,5.268,5.391,5.415,5.189,7598652,4258265624.0
2024-10-15,5.353,5.249,5.448,5.238,7531380,4249769953.0
2024-10-16,5.195,5.244,5.342,5.185,5724795,3180013532.0
2024-10-17,5.274,5.2,5.331,5.198,6486966,3600944227.0
2024-10-18,5.203,5.435,5.629,5.195,11392536,6508900658.0
2024-10-21,5.459,5.491,5.589,5.416,6958180,4039396269.0
2024-10-22,5.478,5.544,5.567,5.457,4319804,2512260916.0
2024-10-23,5.544,5.567,5.654,5.517,4872250,2869287064.0
2024-10-24,5.536,5.516,5.55,5.481,3521886,2047595636.0
2024-10-25,5.526,5.605,5.643,5.519,3873432,2279652915.0
2024-10-28,5.598,5.673,5.676,5.574,5321029,3164122317.0
2024-10-29,5.688,5.614,5.711,5.594,6047604,3594788619.0
2024-10-30,5.597,5.632,5.665,5.564,6930217,4100942113.0
2024-10-31,5.624,5.698,5.743,5.6,6242413,3733061867.0
2024-11-01,5.689,5.644,5.725,5.594,3911259,2334815277.0
2024-11-04,5.644,5.731,5.733,5.64,2684838,1607401489.0
2024-11-05,5.732,5.914,5.938,5.702,5750979,3534847123.0
2024-11-06,5.918,5.921,6.005,5.878,5013235,3130969726.0
2024-11-07,5.888,6.041,6.048,5.868,4380400,2740324323.0
2024-11-08,6.099,6.024,6.136,6.003,5623583,3581736098.0
2024-11-11,5.984,6.13,6.133,5.98,4904753,3121900349.0
2024-11-12,6.138,6.07,6.18,6.007,4347827,2783409078.0
2024-11-13,6.032,6.051,6.074,5.959,2816386,1780235956.0
2024-11-14,6.041,5.879,6.041,5.868,5207919,3248174939.0
2024-11-15,5.867,5.719,5.892,5.717,7541458,4604995527.0
2024-11-18,5.728,5.629,5.766,5.589,6454073,3866600959.0
2024-11-19,5.632,5.722,5.727,5.572,7039411,4200800286.0
2024-11-20,5.708,5.783,5.807,5.688,5387512,3258601169.0
2024-11-21,5.772,5.778,5.802,5.732,1893214,1149490700.0
2024-11-22,5.766,5.538,5.772,5.534,2633179,1567370019.0
2024-11-25,5.553,5.523,5.563,5.455,2286011,1330469443.0
2024-11-26,5.508,5.483,5.561,5.478,1899722,1105373414.0
2024-11-27,5.48,5.594,5.605,5.398,3402143,1974646675.0
2024-11-28,5.587,5.556,5.616,5.537,2622950,1542257518.0
2024-11-29,5.551,5.642,5.701,5.529,4044346,2400334450.0
2024-12-02,5.644,5.734,5.76,5.637,3653448,2198082089.0
2024-12-03,5.736,5.724,5.756,5.675,2970411,1786279165.0
2024-12-04,5.718,5.679,5.74,5.646,2643418,1582832037.0
2024-12-05,5.663,5.696,5.72,5.646,1955047,1170127566.0
2024-12-06,5.694,5.774,5.816,5.666,5358862,3246628869.0
2024-12-09,5.773,5.741,5.796,5.702,4031534,2440193600.0
2024-12-10,5.978,5.793,5.981,5.775,5552326,3428981363.0
2024-12-11,5.779,5.839,5.851,5.776,5613923,3442316136.0
2024-12-12,5.838,5.895,5.914,5.821,4293467,2651723763.0
2024-12-13,5.836,5.797,5.859,5.778,7779196,4752739365.0
2024-12-16,5.788,5.703,5.795,5.684,4533264,2728886124.0
2024-12-17,5.699,5.639,5.716,5.63,4412301,2629190849.0
2024-12-18,5.653,5.677,5.716,5.638,2669874,1596610199.0
2024-12-19,5.629,5.695,5.714,5.605,3254784,1940603791.0
2024-12-20,5.685,5.707,5.748,5.677,4144643,2494039595.0
2024-12-23,5.708,5.613,5.723,5.609,4681949,2789552324.0
2024-12-24,5.614,5.68,5.689,5.613,4469854,2660178402.0
2024-12-25,5.681,5.63,5.681,5.582,4826393,2862134190.0
2024-12-26,5.63,5.675,5.686,5.625,2742466,1637401616.0
2024-12-27,5.665,5.689,5.773,5.665,3076206,1851891986.0
2024-12-30,5.686,5.687,5.719,5.656,1887245,1131333792.0
2024-12-31,5.687,5.509,5.697,5.506,7477379,4398943159.0
2025-01-02,5.505,5.335,5.507,5.277,4351665,2480093177.0
2025-01-03,5.33,5.221,5.363,5.202,4461330,2491017173.0
2025-01-06,5.213,5.208,5.266,5.169,3302311,1820016062.0
2025-01-07,5.209,5.266,5.267,5.182,4055360,2245699727.0
2025-01-08,5.248,5.243,5.29,5.108,4236655,2328052709.0
2025-01-09,5.223,5.239,5.277,5.219,2684390,1491120294.0
2025-01-10,5.235,5.157,5.284,5.154,2313565,1274891586.0
2025-01-13,5.109,5.166,5.207,5.108,2985827,1630045186.0
2025-01-14,5.179,5.353,5.373,5.154,5016496,2806795065.0
2025-01-15,5.343,5.308,5.35,5.297,4353645,2446449508.0
2025-01-16,5.331,5.326,5.422,5.289,5068270,2819882907.0
2025-01-17,5.299,5.37,5.41,5.299,2755505,1535603875.0
2025-01-20,5.404,5.397,5.455,5.382,3234081,1821892696.0
2025-01-21,5.419,5.417,5.434,5.356,3450430,1934419704.0
2025-01-22,5.4,5.396,5.408,5.348,3212695,1794710245.0
2025-01-23,5.439,5.373,5.513,5.369,4192641,2375722731.0
2025-01-24,5.358,5.441,5.452,5.357,5009241,2819548146.0
2025-01-27,5.448,5.374,5.464,5.371,4883961,2744942030.0
2025-02-05,5.427,5.397,5.432,5.371,2639928,1480763405.0
2025-02-06,5.387,5.529,5.538,5.379,4672607,2663508308.0
2025-02-07,5.533,5.62,5.685,5.523,4842323,2818592532.0
2025-02-10,5.632,5.671,5.68,5.619,4069189,2387778587.0
2025-02-11,5.67,5.648,5.688,5.608,2711553,1585641173.0
2025-02-12,5.628,5.725,5.732,5.628,2615958,1541475241.0
2025-02-13,5.723,5.696,5.744,5.675,2836255,1678707512.0
2025-02-14,5.68,5.742,5.751,5.675,3231129,1916674593.0
2025-02-17,5.762,5.733,5.771,5.689,3692692,2194014236.0
2025-02-18,5.712,5.633,5.736,5.599,3047851,1795712483.0
2025-02-19,5.622,5.726,5.734,5.619,3187797,1884120477.0
2025-02-20,5.724,5.741,5.764,5.703,3821242,2270456530.0
2025-02-21,5.756,5.843,5.857,5.728,3384487,2037072442.0
2025-02-24,5.837,5.825,5.859,5.788,4034275,2436370003.0
2025-02-25,5.776,5.762,5.824,5.744,2809776,1681769102.0
2025-02-26,5.776,5.834,5.845,5.754,3356211,2018403953.0
2025-02-27,5.823,5.818,5.847,5.728,3013502,1805331282.0
2025-02-28,5.78,5.656,5.789,5.636,3140821,1860658637.0
2025-03-03,5.656,5.666,5.753,5.64,2773490,1636751973.0
2025-03-04,5.628,5.718,5.733,5.621,2026357,1196761452.0
2025-03-05,5.721,5.733,5.743,5.67,2454551,1451561058.0
2025-03-06,5.759,5.828,5.854,5.755,4029340,2427285085.0
2025-03-07,5.81,5.802,5.849,5.776,3157096,1902207429.0
2025-03-10,5.797,5.795,5.82,5.75,3345878,2005008698.0
2025-03-11,5.735,5.825,5.828,5.732,1617295,971469704.0
2025-03-12,5.838,5.829,5.887,5.82,2047492,1240478759.0
2025-03-13,5.819,5.778,5.837,5.729,2125910,1272302671.0
2025-03-14,5.781,5.887,5.889,5.761,4824885,2926419789.0
2025-03-17,5.899,5.889,5.91,5.876,3835627,2340981399.0
2025-03-18,5.901,5.915,5.955,5.897,1786536,1095806443.0
2025-03-19,5.904,5.891,5.915,5.857,1508335,919429405.0
2025-03-20,5.888,5.849,5.894,5.844,2623956,1594149941.0
2025-03-21,5.822,5.757,5.855,5.739,2455737,1474689686.0
2025-03-24,5.759,5.75,5.768,5.672,2315640,1374750333.0
2025-03-25,5.746,5.73,5.773,5.71,1978020,1177150085.0
2025-03-26,5.722,5.73,5.772,5.722,1918078,1142262402.0
2025-03-27,5.726,5.745,5.789,5.673,2122545,1263097664.0
2025-03-28,5.742,5.698,5.761,5.686,1995542,1183363151.0
2025-03-31,5.67,5.643,5.697,5.585,1817963,1063186183.0
2025-04-01,5.653,5.675,5.719,5.648,1740931,1026747613.0
2025-04-02,5.668,5.682,5.727,5.658,1784233,1053759698.0
2025-04-03,5.634,5.631,5.696,5.605,2664772,1559214350.0
2025-04-07,5.409,5.069,5.451,5.047,4617801,2499811986.0
2025-04-08,5.101,5.102,5.16,5.039,30285654,16017733231.0
2025-04-09,5.044,5.217,5.246,4.928,3538250,1884304821.0
2025-04-10,5.292,5.324,5.398,5.29,2669818,1483750239.0
2025-04-11,5.299,5.362,5.417,5.298,2220743,1236321251.0
2025-04-14,5.404,5.406,5.441,5.389,2150627,1209079466.0
2025-04-15,5.404,5.383,5.408,5.351,3207385,1793626903.0
2025-04-16,5.347,5.334,5.37,5.279,6661825,3691591486.0
2025-04-17,5.313,5.337,5.392,5.309,2247617,1253290436.0
2025-04-18,5.329,5.339,5.365,5.308,2950684,1636662118.0
2025-04-21,5.333,5.421,5.43,5.311,2567589,1439589215.0
2025-04-22,5.408,5.406,5.434,5.396,1434074,806534644.0
2025-04-23,5.428,5.417,5.472,5.397,2331671,1314640511.0
2025-04-24,5.417,5.394,5.433,5.366,1605892,901148308.0
2025-04-25,5.399,5.41,5.451,5.381,2041463,1148698743.0
2025-04-28,5.409,5.384,5.414,5.365,2026017,1134081377.0
2025-04-29,5.359,5.387,5.411,5.353,1247374,698290015.0
2025-04-30,5.387,5.415,5.431,5.386,2073912,1167228382.0
2025-05-06,5.444,5.522,5.524,5.442,1856919,1060283652.0
2025-05-07,5.587,5.532,5.634,5.497,2232101,1284514400.0
2025-05-08,5.518,5.556,5.574,5.513,2288960,1319178643.0
2025-05-09,5.549,5.509,5.55,5.489,1686336,965835125.0
2025-05-12,5.534,5.581,5.586,5.526,1705953,984666611.0
2025-05-13,5.614,5.567,5.615,5.553,1977886,1144635055.0
2025-05-14,5.564,5.587,5.628,5.535,2413135,1396705066.0
2025-05-15,5.57,5.51,5.576,5.499,1923033,1103318487.0
2025-05-16,5.495,5.5,5.524,5.492,1753816,1002830482.0
2025-05-19,5.499,5.514,5.519,5.454,1410520,803451383.0
2025-05-20,5.517,5.538,5.553,5.491,1167503,669425913.0
2025-05-21,5.528,5.545,5.553,5.52,828511,476263694.0
2025-05-22,5.522,5.5,5.554,5.493,1393033,797381638.0
2025-05-23,5.496,5.451,5.536,5.449,1908861,1088161888.0
2025-05-26,5.446,5.46,5.493,5.434,1681779,954266761.0
2025-05-27,5.461,5.446,5.467,5.422,2079550,1175296180.0
2025-05-28,5.446,5.436,5.459,5.423,1296504,732201615.0
2025-05-29,5.439,5.516,5.528,5.438,3204956,1830963971.0
2025-05-30,5.499,5.483,5.5,5.46,3345407,1903678351.0
2025-06-03,5.469,5.492,5.519,5.455,1375063,784046928.0
2025-06-04,5.493,5.538,5.552,5.493,1095253,629142475.0
2025-06-05,5.545,5.573,5.588,5.522,1685858,972358271.0
2025-06-06,5.572,5.574,5.583,5.559,1010747,584109624.0
2025-06-09,5.584,5.614,5.641,5.578,1958622,1141617121.0
2025-06-10,5.614,5.566,5.618,5.531,1825379,1055334689.0
2025-06-11,5.566,5.603,5.637,5.566,2303796,1341105615.0
2025-06-12,5.598,5.614,5.624,5.575,922337,536522932.0
2025-06-13,5.603,5.565,5.611,5.543,1596903,923057935.0
2025-06-16,5.544,5.586,5.601,5.544,1802021,1044674832.0
2025-06-17,5.591,5.574,5.597,5.558,2235067,1292161009.0
2025-06-18,5.575,5.565,5.579,5.529,1501328,865530177.0
2025-06-19,5.552,5.507,5.574,5.484,2202724,1264678283.0
2025-06-20,5.502,5.468,5.518,5.467,3236440,1842188941.0
2025-06-23,5.457,5.501,5.515,5.45,1917814,1093216921.0
2025-06-24,5.512,5.593,5.597,5.512,3842874,2225227275.0
2025-06-25,5.601,5.702,5.708,5.597,3724601,2183573155.0
2025-06-26,5.694,5.677,5.715,5.674,2343963,1384474054.0
2025-06-27,5.683,5.699,5.747,5.674,2229407,1320386698.0
2025-06-30,5.706,5.752,5.757,5.705,2444974,1454432701.0
2025-07-01,5.739,5.771,5.773,5.723,1382361,823912323.0
2025-07-02,5.75,5.736,5.755,5.718,1297455,771494842.0
2025-07-03,5.736,5.76,5.767,5.724,1197558,713616283.0
2025-07-04,5.747,5.752,5.814,5.729,1626178,971146047.0
2025-07-07,5.746,5.74,5.755,5.73,787038,468406804.0
2025-07-08,5.74,5.82,5.828,5.737,1674850,1006809209.0
2025-07-09,5.821,5.794,5.833,5.789,1531960,923228818.0
2025-07-10,5.794,5.827,5.85,5.786,1303243,785483340.0
2025-07-11,5.824,5.879,5.914,5.806,2491185,1516911950.0
2025-07-14,5.877,5.868,5.888,5.859,1168520,711140340.0
2025-07-15,5.855,5.866,5.9,5.818,1582649,959703847.0
2025-07-16,5.863,5.865,5.917,5.844,1641379,999719287.0
2025-07-17,5.864,5.935,5.937,5.858,1181068,722766909.0
2025-07-18,5.937,5.954,5.972,5.924,1608246,990926837.0
2025-07-21,5.96,6.015,6.017,5.959,2550110,1584067722.0
2025-07-22,6.018,6.081,6.084,6.007,2237787,1399576972.0
2025-07-23,6.084,6.059,6.123,6.047,2803027,1765155846.0
2025-07-24,6.047,6.152,6.157,6.046,2070370,1309140764.0
2025-07-25,6.156,6.154,6.166,6.128,3175692,2019458361.0
2025-07-28,6.154,6.18,6.192,6.125,2017572,1286667623.0
2025-07-29,6.164,6.22,6.221,6.124,2131929,1358964395.0
2025-07-30,6.197,6.178,6.23,6.129,1889246,1210134625.0
2025-07-31,6.151,6.086,6.178,6.062,1986009,1258229121.0
2025-08-01,6.069,6.076,6.117,6.039,1581956,995403322.0
2025-08-04,6.048,6.124,6.125,6.041,1043707,657137127.0
2025-08-05,6.127,6.165,6.167,6.127,1206725,766954450.0
2025-08-06,6.135,6.217,6.223,6.135,1719765,1102525817.0
2025-08-07,6.217,6.197,6.232,6.155,1617284,1035267177.0
2025-08-08,6.168,6.186,6.211,6.164,1036035,662662808.0
2025-08-11,6.192,6.253,6.273,6.192,1672288,1079316755.0
2025-08-12,6.255,6.286,6.287,6.228,1065318,689378657.0
2025-08-13,6.295,6.371,6.385,6.289,1792705,1174102338.0
2025-08-14,6.35,6.303,6.386,6.278,2238969,1465281352.0
2025-08-15,6.29,6.447,6.452,6.283,2291167,1514607500.0
2025-08-18,6.477,6.537,6.59,6.447,4186833,2824740779.0
2025-08-19,6.537,6.522,6.575,6.5,3147655,2123688222.0
2025-08-20,6.503,6.613,6.615,6.456,3376600,2280535527.0
2025-08-21,6.625,6.575,6.645,6.548,2983306,2028278817.0
2025-08-22,6.574,6.704,6.71,6.574,8437785,5802812523.0
2025-08-25,6.751,6.826,6.854,6.733,8814868,6170751765.0
2025-08-26,6.799,6.837,6.891,6.784,4988464,3516687986.0
2025-08-27,6.835,6.742,6.949,6.733,4323272,3059376522.0
2025-08-28,6.742,6.893,6.897,6.672,3895262,2728207393.0
2025-08-29,6.883,6.93,6.969,6.858,3494619,2486113434.0
2025-09-01,6.95,6.995,6.999,6.913,1830813,1312557380.0
2025-09-02,6.964,6.844,6.979,6.784,2451194,1736110055.0
2025-09-03,6.851,6.729,6.873,6.704,2409955,1687177107.0
2025-09-04,6.735,6.568,6.783,6.478,3268974,2236535867.0
2025-09-05,6.568,6.8,6.812,6.547,3077452,2121919291.0
2025-09-08,6.8,6.862,6.873,6.76,2330317,1636795369.0
2025-09-09,6.84,6.795,6.866,6.754,1395901,979988418.0
2025-09-10,6.783,6.792,6.852,6.74,1215725,852285642.0
2025-09-11,6.789,7.013,7.018,6.746,4717183,3370578668.0
2025-09-12,7.016,7.031,7.09,6.998,2593774,1880048851.0
2025-09-15,7.041,7.015,7.051,6.998,3566121,2581031813.0
2025-09-16,7.017,7.071,7.083,6.954,2361255,1709696475.0
2025-09-17,7.055,7.146,7.152,7.032,1586836,1159802809.0
2025-09-18,7.141,7.081,7.237,6.989,3384182,2482372672.0
2025-09-19,7.068,7.05,7.115,7.019,2855523,2080099063.0
2025-09-22,7.048,7.107,7.109,7.015,2356181,1713669910.0
2025-09-23,7.107,7.066,7.124,6.929,2629621,1905161682.0
2025-09-24,7.021,7.221,7.225,7.016,2194535,1613166926.0
2025-09-25,7.219,7.23,7.267,7.204,1640250,1221817048.0
2025-09-26,7.19,7.125,7.244,7.122,2210031,1633716966.0
2025-09-29,7.124,7.251,7.28,7.101,3329400,2473026332.0
2025-09-30,7.252,7.308,7.322,7.252,2693319,2022195960.0
2025-10-09,7.342,7.438,7.467,7.329,2473304,1885985361.0
2025-10-10,7.4,7.294,7.408,7.268,2915277,2197250249.0
2025-10-13,7.079,7.258,7.277,7.079,3865377,2863336795.0
2025-10-14,7.299,7.078,7.342,7.048,4260165,3162062367.0
2025-10-15,7.077,7.182,7.188,7.042,2467557,1808574917.0
2025-10-16,7.109,7.125,7.188,7.085,2750738,2020350843.0
2025-10-17,7.107,6.903,7.148,6.891,3014754,2173586618.0
2025-10-20,6.963,6.949,7.022,6.915,3562494,2558410357.0
2025-10-21,6.971,7.069,7.084,6.966,4851064,3522045922.0
2025-10-22,7.039,7.013,7.05,6.991,2713715,1962399224.0
2025-10-23,6.991,7.038,7.043,6.903,2033734,1457957880.0
2025-10-24,7.063,7.158,7.161,7.057,2274704,1663975677.0
2025-10-27,7.222,7.267,7.28,7.191,2142854,1599407845.0
2025-10-28,7.257,7.23,7.303,7.199,1704494,1271978016.0
2025-10-29,7.241,7.383,7.385,7.239,2061923,1554258782.0
2025-10-30,7.375,7.286,7.375,7.265,2397754,1804318822.0
2025-10-31,7.283,7.225,7.334,7.223,2395264,1793252055.0
2025-11-03,7.216,7.228,7.237,7.101,2540990,1875962746.0
2025-11-04,7.209,7.102,7.214,7.057,2978830,2187305293.0
2025-11-05,6.989,7.119,7.148,6.989,1432956,1044051112.0
2025-11-06,7.124,7.24,7.253,7.124,1739947,1290454325.0
2025-11-07,7.209,7.229,7.265,7.172,1037520,771019572.0
2025-11-10,7.264,7.237,7.291,7.179,1123352,835109376.0
2025-11-11,7.257,7.183,7.284,7.17,1586675,1178560276.0
2025-11-12,7.157,7.145,7.206,7.077,1342175,986234776.0
2025-11-13,7.126,7.254,7.27,7.126,1886617,1401440665.0
2025-11-14,7.192,7.127,7.224,7.124,1555990,1150184972.0
2025-11-17,7.123,7.125,7.163,7.097,2198044,1613421164.0
2025-11-18,7.099,7.051,7.124,7.006,2654207,1928962925.0
2025-11-19,7.041,7.016,7.082,6.982,2467924,1786594862.0
2025-11-20,7.059,6.959,7.082,6.952,3032408,2183687616.0
2025-11-21,6.887,6.711,6.92,6.707,7553568,5290499089.0
2025-11-24,6.749,6.759,6.795,6.692,4147657,2883620932.0
2025-11-25,6.805,6.843,6.915,6.803,6043585,4269824932.0
2025-11-26,6.844,6.854,6.913,6.827,4139294,2934400370.0
2025-11-27,6.854,6.839,6.943,6.829,1885426,1336051339.0
2025-11-28,6.837,6.924,6.933,6.831,1773332,1261276658.0
2025-12-01,6.941,6.991,6.992,6.927,1320063,947876608.0
2025-12-02,6.943,6.93,6.977,6.912,1503697,1074387564.0
2025-12-03,6.934,6.892,6.959,6.867,1213240,863508465.0
2025-12-04,6.889,6.914,6.939,6.849,1223711,870260060.0
2025-12-05,6.911,7.005,7.008,6.856,3085261,2213924727.0
2025-12-08,7.027,7.067,7.094,7.018,2828081,2054506100.0
2025-12-09,7.045,7.013,7.079,7.0,1924356,1394969264.0
2025-12-10,7.014,7.052,7.069,6.961,2595578,1873005152.0
2025-12-11,7.064,6.99,7.073,6.985,1861384,1345376424.0
2025-12-12,7.006,7.074,7.093,6.973,3755285,2722781871.0
2025-12-15,7.039,7.025,7.088,7.018,1747858,1268422736.0
2025-12-16,7.009,6.915,7.009,6.865,2629014,1872497207.0
2025-12-17,6.909,7.048,7.076,6.889,2996344,2160363134.0
2025-12-18,7.014,7.01,7.084,7.008,2514901,1822548851.0
2025-12-19,7.027,7.075,7.107,7.02,2509672,1828863612.0
2025-12-22,7.109,7.157,7.186,7.109,2817475,2076899450.0
2025-12-23,7.153,7.163,7.206,7.138,1850595,1365041842.0
2025-12-24,7.162,7.259,7.281,7.152,3503673,2611273083.0
2025-12-25,7.258,7.323,7.344,7.241,2869616,2156582982.0
2025-12-26,7.333,7.369,7.405,7.316,5147301,3901186668.0
2025-12-29,7.368,7.337,7.399,7.32,3378040,2558823434.0
2025-12-30,7.301,7.37,7.414,7.301,2414779,1831385067.0
2025-12-31,7.386,7.377,7.4,7.34,4463534,3386683953.0
2026-01-05,7.431,7.581,7.583,7.429,2763714,2138958695.0
2026-01-06,7.586,7.75,7.754,7.586,3560767,2807704686.0
2026-01-07,7.758,7.788,7.829,7.743,4315868,3451839908.0
2026-01-08,7.763,7.813,7.867,7.761,3822311,3069650528.0
2026-01-09,7.813,8.005,8.012,7.812,5252035,4288318244.0
2026-01-12,8.059,8.205,8.237,8.024,5715199,4767071138.0
2026-01-13,8.226,8.095,8.229,8.048,5240340,4365589918.0
2026-01-14,8.097,8.154,8.325,8.039,13490762,11344083331.0
2026-01-15,8.089,8.128,8.179,8.054,31673005,26329578450.0
2026-01-16,8.169,8.146,8.204,8.091,20507550,16986109617.0
2026-01-19,8.121,8.199,8.248,8.101,15215857,12700273169.0
2026-01-20,8.207,8.175,8.265,8.052,16142559,13377848571.0
2026-01-21,8.133,8.283,8.286,8.131,10340941,8682017708.0
2026-01-22,8.311,8.32,8.347,8.255,4808569,4059456186.0
2026-01-23,8.356,8.57,8.576,8.344,6693456,5772176393.0
2026-01-26,8.614,8.415,8.638,8.368,16667265,14330394662.0
2026-01-27,8.393,8.47,8.521,8.288,14746513,12638904531.0
2026-01-28,8.496,8.542,8.571,8.446,25174466,21752591587.0
2026-01-29,8.512,8.442,8.605,8.425,13734677,11884876163.0
2026-01-30,8.369,8.291,8.445,8.083,12838777,10756242145.0
2026-02-02,8.181,7.9,8.251,7.896,19473869,15911074106.0
2026-02-03,8.037,8.217,8.226,7.983,9366022,7761030186.0
2026-02-04,8.211,8.239,8.246,8.1,12287970,10230284572.0
2026-02-05,8.151,8.068,8.164,7.998,9552432,7839440779.0
2026-02-06,7.956,8.064,8.181,7.926,9399366,7742250214.0
2026-02-09,8.201,8.246,8.248,8.157,5942628,4972221001.0
2026-02-10,8.246,8.228,8.255,8.18,3443425,2884803529.0
2026-02-11,8.206,8.262,8.308,8.206,2952357,2486170379.0
2026-02-12,8.261,8.365,8.378,8.261,3976171,3376962000.0
2026-02-13,8.325,8.224,8.347,8.212,10173966,8560575757.0
2026-02-24,8.322,8.32,8.385,8.254,4388049,3720376914.0
2026-02-25,8.331,8.453,8.484,8.33,7358841,6314293845.0
2026-02-26,8.474,8.481,8.507,8.412,8055576,6937034239.0
2026-02-27,8.431,8.588,8.59,8.431,4820349,4180916149.0
2026-03-02,8.533,8.584,8.624,8.471,7723957,6724751190.0
2026-03-03,8.591,8.226,8.591,8.186,6797897,5781745330.0
2026-03-04,8.092,8.168,8.317,8.088,5269815,4406741459.0
2026-03-05,8.284,8.222,8.31,8.162,5521642,4633269691.0
2026-03-06,8.161,8.272,8.32,8.161,3177456,2673624003.0
2026-03-09,8.149,8.207,8.231,7.975,4694397,3872180353.0
2026-03-10,8.291,8.332,8.343,8.242,4355739,3680938953.0
2026-03-11,8.34,8.319,8.37,8.292,3852283,3265652804.0
2026-03-12,8.303,8.277,8.346,8.205,3256224,2744988839.0
2026-03-13,8.213,8.162,8.298,8.141,1982291,1657449192.0
2026-03-16,8.149,8.11,8.159,7.975,3928895,3225912523.0
2026-03-17,8.116,7.929,8.141,7.925,3492036,2853905066.0
2026-03-18,7.961,8.007,8.019,7.874,4921480,3990590847.0
2026-03-19,7.891,7.796,7.924,7.757,3918003,3129280894.0
2026-03-20,7.811,7.663,7.863,7.66,7316340,5809729947.0
2026-03-23,7.552,7.363,7.628,7.311,6748011,5130435315.0
2026-03-24,7.44,7.503,7.508,7.288,5910871,4471167956.0
2026-03-25,7.551,7.677,7.73,7.549,5865893,4584273440.0
2026-03-26,7.643,7.551,7.686,7.532,3201844,2480189131.0
2026-03-27,7.431,7.654,7.703,7.431,3963090,3076321019.0
2026-03-30,7.557,7.669,7.687,7.516,4782422,3701022228.0
2026-03-31,7.656,7.534,7.711,7.531,3683999,2860807126.0
2026-04-01,7.666,7.66,7.701,7.606,3566686,2781369863.0
2026-04-02,7.622,7.523,7.66,7.47,4864342,3748897864.0
2026-04-03,7.548,7.454,7.558,7.432,2407769,1838226947.0
2026-04-07,7.468,7.48,7.552,7.451,3281318,2512105152.0
2026-04-08,7.671,7.877,7.88,7.666,11550045,9127495913.0
2026-04-09,7.812,7.815,7.86,7.759,6428258,5121640491.0
2026-04-10,7.866,7.886,8.0,7.866,3800349,3069841615.0
2026-04-13,7.836,7.879,7.91,7.829,4777283,3836508143.0
2026-04-14,7.961,8.01,8.013,7.918,4368138,3543880220.0
2026-04-15,8.071,7.962,8.086,7.946,4083180,3333219942.0
2026-04-16,7.981,8.104,8.122,7.976,4879686,4009324061.0
2026-04-17,8.083,8.141,8.163,8.061,4629737,3824600035.0
2026-04-20,8.132,8.206,8.245,8.129,9125416,7624808772.0
2026-04-21,8.202,8.182,8.202,8.107,4613444,3834736573.0
2026-04-22,8.134,8.306,8.308,8.134,6383224,5360906023.0
2026-04-23,8.311,8.226,8.325,8.147,6939803,5817342404.0
2026-04-24,8.172,8.174,8.231,8.093,4371594,3629323593.0
2026-04-27,8.171,8.219,8.249,8.143,6275188,5250763152.0
2026-04-28,8.197,8.124,8.207,8.098,6369387,5287344953.0
2026-04-29,8.091,8.273,8.287,8.085,8789675,7349029886.0
2026-04-30,8.261,8.281,8.301,8.221,7793619,6546640850.0
2026-05-06,8.37,8.509,8.553,8.369,10254482,8872773628.0
2026-05-07,8.553,8.622,8.629,8.52,12291601,10727012506.0
2026-05-08,8.566,8.62,8.639,8.542,11110986,9722597897.0
2026-05-11,8.689,8.763,8.796,8.639,6608744,5866691109.0
2026-05-12,8.771,8.713,8.778,8.672,5103981,4522369241.0
2026-05-13,8.651,8.86,8.872,8.651,5154451,4596156963.0
2026-05-14,8.9,8.623,8.9,8.611,8902588,7900399322.0
2026-05-15,8.611,8.463,8.66,8.404,13136592,11374703475.0
2026-05-18,8.41,8.482,8.547,8.402,4808791,4146691727.0
2026-05-19,8.464,8.554,8.56,8.332,7097897,6106970936.0
2026-05-20,8.503,8.599,8.611,8.477,5067923,4396844524.0
2026-05-21,8.651,8.354,8.738,8.335,5345049,4673340770.0
2026-05-22,8.404,8.509,8.535,8.361,7929375,6819708732.0
2026-05-25,8.559,8.637,8.641,8.47,6085135,5293352712.0
2026-05-26,8.594,8.603,8.62,8.468,2414019,2098793863.0
2026-05-27,8.591,8.465,8.672,8.431,3302420,2870805061.0
2026-05-28,8.426,8.5,8.545,8.357,3322216,2857894293.0
2026-05-29,8.511,8.294,8.532,8.238,3279447,2791724835.0
2026-06-01,8.285,8.221,8.383,8.205,4083694,3439513885.0
2026-06-02,8.219,8.257,8.331,8.089,4588094,3836822227.0
2026-06-03,8.251,8.306,8.416,8.231,3267377,2771012957.0
2026-06-04,8.222,8.299,8.34,8.222,2959299,2497825120.0
2026-06-05,8.266,8.19,8.351,8.165,4320457,3619954376.0
2026-06-08,8.011,7.919,8.084,7.834,4687884,3809536499.0
2026-06-09,7.971,8.121,8.136,7.909,3622747,2955254201.0
2026-06-10,8.035,8.022,8.091,7.929,2792841,2279194416.0
2026-06-11,7.984,7.984,8.043,7.919,1815580,1474381691.0
2026-06-12,8.148,8.093,8.221,8.062,3133578,2595066377.0
2026-06-15,8.173,8.395,8.401,8.163,7767758,6554819512.0
2026-06-16,8.401,8.483,8.519,8.376,3195350,2749956275.0
2026-06-17,8.453,8.614,8.617,8.431,1986424,1725519090.0
2026-06-18,8.577,8.679,8.714,8.573,2529609,2226241971.0
2026-06-22,8.691,8.858,8.861,8.599,3701087,3279160176.0
2026-06-23,8.831,8.666,8.879,8.609,4233461,3763746479.0
2026-06-24,8.627,8.836,8.846,8.607,2827084,2510299817.0
2026-06-25,8.835,8.936,8.938,8.791,2062756,1860429662.0
2026-06-26,8.857,8.712,8.917,8.646,3351957,2989805863.0
2026-06-29,8.691,8.825,8.83,8.585,2845305,2529001020.0
2026-06-30,8.795,9.045,9.054,8.76,2030249,1843943515.0
2026-07-01,9.052,9.031,9.156,8.951,2520695,2323654883.0
2026-07-02,8.942,8.7,8.942,8.664,4142917,3700248977.0
2026-07-03,8.649,8.752,8.865,8.641,2801352,2493194778.0
2026-07-06,8.781,8.661,8.817,8.578,3599631,3181978902.0
2026-07-07,8.611,8.508,8.668,8.464,2773149,2411702319.0
2026-07-08,8.512,8.402,8.564,8.353,5473194,4704796310.0
2026-07-09,8.413,8.655,8.666,8.295,5942522,5127831973.0
2026-07-10,8.657,8.549,8.784,8.512,4352062,3851476791.0
2026-07-13,8.461,8.143,8.487,8.117,8964812,7517070059.0
2026-07-14,8.144,8.264,8.27,7.967,8555023,7089377081.0
2026-07-15,8.269,8.151,8.322,8.113,3451326,2834423311.0
2026-07-16,8.061,7.956,8.158,7.911,5747724,4606762538.0
2026-07-17,7.915,7.505,7.928,7.485,7498029,5754369790.0
2026-07-20,7.614,7.426,7.64,7.226,11709492,8720456391.0
2026-07-21,7.423,7.792,7.805,7.277,11867794,8991652651.0
2026-07-22,7.714,7.74,7.887,7.711,7464387,5831657523.0
2026-07-23,7.741,7.737,7.803,7.661,2501477,1934738436.0
2026-07-24,7.651,7.545,7.712,7.541,3406830,2593796767.0
2026-07-27,7.544,7.726,7.739,7.484,5908661,4519820155.0
2026-07-28,7.608,7.463,7.647,7.429,7990759,6044394242.0
2026-07-29,7.46,7.54,7.593,7.342,7014733,5240945444.0
2026-07-30,7.49,7.336,7.557,7.22,9016071,6639437982.0
2026-07-31,7.6,7.5,7.679,7.491,9936368,7540981109.0
2026-08-03,7.461,7.42,7.52,7.417,2995150,2232636377.0
2026-08-04,7.47,7.601,7.665,7.464,6648014,5034603886.0
2026-08-05,7.6,7.815,7.854,7.575,5359097,4159898996.0
2026-08-06,7.75,7.832,7.872,7.723,5939539,4636333954.0
2026-08-07,7.82,7.987,7.993,7.767,3700689,2926724041.0
2026-08-10,8.002,8.037,8.04,7.922,3222276,2574612658.0
2026-08-11,7.993,7.989,8.093,7.959,2190261,1756496857.0
